Workbook

Sheet 監視項目一覧
A1: No. | B1: カテゴリ(ルールグループ) | C1: 対象コンポーネント | D1: アラート名 | E1: 重要度 (severity) | F1: 監視内容 | G1: 発報条件・閾値 | H1: 継続時間 (for) | I1: 追加ラベル | J1: Summary(原文) | K1: Description(原文) | L1: PromQL(expr) | M1: Runbook URL | N1: 備考
A2: 1 | B2: alertmanager.rules | C2: Alertmanager | D2: AlertmanagerFailedReload | E2: critical | F2: Alertmanager の設定リロード成否 | G2: 直近 5 分間の設定リロードが一度も成功していない(alertmanager_config_last_reload_successful == 0) | H2: 10m(10分) | J2: Reloading an Alertmanager configuration has failed. | K2: Configuration has failed to load for {{ $labels.namespace }}/{{ $labels.pod}}. | L2: # Without max_over_time, failed scrapes could create false negatives, see # https://www.robustperception.io/alerting-on-gauges-in-prometheus-2-0 for details. max_over_time(alertmanager_config_last_reload_successful{job="monitoring-kube-prometheus-alertmanager",container="alertmanager",namespace="monitoring"}[5m]) == 0 | M2: https://runbooks.prometheus-operator.dev/runbooks/alertmanager/alertmanagerfailedreload
A3: 2 | B3: alertmanager.rules | C3: Alertmanager | D3: AlertmanagerMembersInconsistent | E3: critical | F3: Alertmanager クラスタのメンバー認識数 | G3: 各インスタンスが認識しているクラスタメンバー数が、実際のインスタンス数より少ない | H3: 15m(15分) | J3: A member of an Alertmanager cluster has not found all other cluster members. | K3: Alertmanager {{ $labels.namespace }}/{{ $labels.pod}} has only found {{ $value }} members of the {{$labels.job}} cluster. | L3: # Without max_over_time, failed scrapes could create false negatives, see # https://www.robustperception.io/alerting-on-gauges-in-prometheus-2-0 for details. max_over_time(alertmanager_cluster_members{job="monitoring-kube-prometheus-alertmanager",container="alertmanager",namespace="monitoring"}[5m]) < on (namespace,service,cluster) group_left count by (namespace,service,cluster) (max_over_time(alertmanager_cluster_members{job="monitoring-kube-prometheus-alertmanager",container="alertmanager",namespace="monitoring"}[5m])) | M3: https://runbooks.prometheus-operator.dev/runbooks/alertmanager/alertmanagermembersinconsistent
A4: 3 | B4: alertmanager.rules | C4: Alertmanager | D4: AlertmanagerFailedToSendAlerts | E4: warning | F4: Alertmanager インスタンス単位の通知送信失敗率 | G4: 直近 15 分間の通知送信失敗率が 1% を超過(インテグレーション別) | H4: 5m(5分) | J4: An Alertmanager instance failed to send notifications. | K4: Alertmanager {{ $labels.namespace }}/{{ $labels.pod}} failed to send {{ $value | humanizePercentage }} of notifications to {{ $labels.integration }}. | L4: ( rate(alertmanager_notifications_failed_total{job="monitoring-kube-prometheus-alertmanager",container="alertmanager",namespace="monitoring"}[15m]) / ignoring (reason) group_left rate(alertmanager_notifications_total{job="monitoring-kube-prometheus-alertmanager",container="alertmanager",namespace="monitoring"}[15m]) ) > 0.01 | M4: https://runbooks.prometheus-operator.dev/runbooks/alertmanager/alertmanagerfailedtosendalerts
A5: 4 | B5: alertmanager.rules | C5: Alertmanager | D5: AlertmanagerClusterFailedToSendAlerts | E5: critical | F5: Alertmanager クラスタ全体の通知送信失敗率(重要インテグレーション) | G5: クラスタ内の全インスタンスで、直近 15 分間の通知送信失敗率の最小値が 1% を超過 | H5: 5m(5分) | J5: All Alertmanager instances in a cluster failed to send notifications to a critical integration. | K5: The minimum notification failure rate to {{ $labels.integration }} sent from any instance in the {{$labels.job}} cluster is {{ $value | humanizePercentage }}. | L5: min by (namespace,service, integration) ( rate(alertmanager_notifications_failed_total{job="monitoring-kube-prometheus-alertmanager",container="alertmanager",namespace="monitoring", integration=~`.*`}[15m]) / ignoring (reason) group_left rate(alertmanager_notifications_total{job="monitoring-kube-prometheus-alertmanager",container="alertmanager",namespace="monitoring", integration=~`.*`}[15m]) > 0 ) > 0.01 | M5: https://runbooks.prometheus-operator.dev/runbooks/alertmanager/alertmanagerclusterfailedtosendalerts | N5: 本環境では integration=~`.*` のため全インテグレーションが本条件に該当する。同名アラートが複数段階(severity 別)で定義されている。
A6: 5 | B6: alertmanager.rules | C6: Alertmanager | D6: AlertmanagerClusterFailedToSendAlerts | E6: warning | F6: Alertmanager クラスタ全体の通知送信失敗率(非重要インテグレーション) | G6: クラスタ内の全インスタンスで、直近 15 分間の通知送信失敗率の最小値が 1% を超過 | H6: 5m(5分) | J6: All Alertmanager instances in a cluster failed to send notifications to a non-critical integration. | K6: The minimum notification failure rate to {{ $labels.integration }} sent from any instance in the {{$labels.job}} cluster is {{ $value | humanizePercentage }}. | L6: min by (namespace,service, integration) ( rate(alertmanager_notifications_failed_total{job="monitoring-kube-prometheus-alertmanager",container="alertmanager",namespace="monitoring", integration!~`.*`}[15m]) / ignoring (reason) group_left rate(alertmanager_notifications_total{job="monitoring-kube-prometheus-alertmanager",container="alertmanager",namespace="monitoring", integration!~`.*`}[15m]) > 0 ) > 0.01 | M6: https://runbooks.prometheus-operator.dev/runbooks/alertmanager/alertmanagerclusterfailedtosendalerts | N6: 本環境では integration!~`.*` のため対象インテグレーションは存在せず、実質発報しない。同名アラートが複数段階(severity 別)で定義されている。
A7: 6 | B7: alertmanager.rules | C7: Alertmanager | D7: AlertmanagerConfigInconsistent | E7: critical | F7: Alertmanager クラスタ内の設定一致性 | G7: 同一クラスタ内のインスタンス間で設定ハッシュが 2 種類以上存在する(設定不一致) | H7: 20m(20分) | J7: Alertmanager instances within the same cluster have different configurations. | K7: Alertmanager instances within the {{$labels.job}} cluster have different configurations. | L7: count by (namespace,service,cluster) ( count_values by (namespace,service,cluster) ("config_hash", alertmanager_config_hash{job="monitoring-kube-prometheus-alertmanager",container="alertmanager",namespace="monitoring"}) ) != 1 | M7: https://runbooks.prometheus-operator.dev/runbooks/alertmanager/alertmanagerconfiginconsistent
A8: 7 | B8: alertmanager.rules | C8: Alertmanager | D8: AlertmanagerClusterDown | E8: critical | F8: Alertmanager クラスタの稼働インスタンス数 | G8: 直近 5 分間の平均稼働率(up)が 0.5 未満のインスタンスが、クラスタの半数以上 | H8: 5m(5分) | J8: Half or more of the Alertmanager instances within the same cluster are down. | K8: {{ $value | humanizePercentage }} of Alertmanager instances within the {{$labels.job}} cluster have been up for less than half of the last 5m. | L8: ( count by (namespace,service,cluster) ( avg_over_time(up{job="monitoring-kube-prometheus-alertmanager",container="alertmanager",namespace="monitoring"}[5m]) < 0.5 ) / count by (namespace,service,cluster) ( up{job="monitoring-kube-prometheus-alertmanager",container="alertmanager",namespace="monitoring"} ) ) >= 0.5 | M8: https://runbooks.prometheus-operator.dev/runbooks/alertmanager/alertmanagerclusterdown
A9: 8 | B9: alertmanager.rules | C9: Alertmanager | D9: AlertmanagerClusterCrashlooping | E9: critical | F9: Alertmanager クラスタのクラッシュループ | G9: 直近 10 分間にプロセス再起動が 4 回を超えたインスタンスが、クラスタの半数以上 | H9: 5m(5分) | J9: Half or more of the Alertmanager instances within the same cluster are crashlooping. | K9: {{ $value | humanizePercentage }} of Alertmanager instances within the {{$labels.job}} cluster have restarted at least 5 times in the last 10m. | L9: ( count by (namespace,service,cluster) ( changes(process_start_time_seconds{job="monitoring-kube-prometheus-alertmanager",container="alertmanager",namespace="monitoring"}[10m]) > 4 ) / count by (namespace,service,cluster) ( up{job="monitoring-kube-prometheus-alertmanager",container="alertmanager",namespace="monitoring"} ) ) >= 0.5 | M9: https://runbooks.prometheus-operator.dev/runbooks/alertmanager/alertmanagerclustercrashlooping
A10: 9 | B10: alertmanager.rules | C10: Alertmanager | D10: AlertmanagerClusterFailedPeers | E10: warning | F10: Alertmanager クラスタのピア接続失敗 | G10: 直近 5 分間で接続に失敗しているピア数が 0 より大きい | H10: 15m(15分) | J10: An Alertmanager instance has failed peers in the cluster. | K10: Alertmanager {{ $labels.namespace }}/{{ $labels.pod}} has {{ $value }} failed peers in the {{$labels.job}} cluster. | L10: # Without max_over_time, failed scrapes could create false negatives, see # https://www.robustperception.io/alerting-on-gauges-in-prometheus-2-0 for details. max_over_time(alertmanager_cluster_failed_peers{job="monitoring-kube-prometheus-alertmanager",container="alertmanager",namespace="monitoring"}[5m]) > 0 | M10: https://runbooks.prometheus-operator.dev/runbooks/alertmanager/alertmanagerclusterfailedpeers
A11: 10 | B11: config-reloaders | C11: Prometheus Operator(config-reloader) | D11: ConfigReloaderSidecarErrors | E11: warning | F11: config-reloader サイドカーの設定リロード成否 | G11: 直近 5 分間の設定リロードが一度も成功していない(reloader_last_reload_successful == 0) | H11: 10m(10分) | J11: config-reloader sidecar has not had a successful reload for 10m | K11: Errors encountered while the {{$labels.pod}} config-reloader sidecar attempts to sync config in {{$labels.namespace}} namespace. As a result, configuration for service running in {{$labels.pod}} may be stale and cannot be updated anymore. | L11: max_over_time(reloader_last_reload_successful{namespace=~".+"}[5m]) == 0 | M11: https://runbooks.prometheus-operator.dev/runbooks/prometheus-operator/configreloadersidecarerrors
A12: 11 | B12: etcd | C12: etcd | D12: etcdMembersDown | E12: warning | F12: etcd メンバーの稼働状況 | G12: up == 0 のメンバーが存在する、または直近 120 秒間のピア送信失敗レートが 0.01/秒 を超過 | H12: 20m(20分) | J12: etcd cluster members are down. | K12: etcd cluster "{{ $labels.job }}": members are down ({{ $value }}). | L12: max without (endpoint) ( sum without (instance, pod) (up{job=~".*etcd.*"} == bool 0) or count without (To) ( sum without (instance, pod) (rate(etcd_network_peer_sent_failures_total{job=~".*etcd.*"}[120s])) > 0.01 ) ) > 0 | M12: https://runbooks.prometheus-operator.dev/runbooks/etcd/etcdmembersdown
A13: 12 | B13: etcd | C13: etcd | D13: etcdInsufficientMembers | E13: critical | F13: etcd クラスタの過半数(quorum)維持 | G13: 稼働中(up == 1)のメンバー数が (総メンバー数 + 1) / 2 未満(quorum 喪失) | H13: 3m(3分) | J13: etcd cluster has insufficient number of members. | K13: etcd cluster "{{ $labels.job }}": insufficient members ({{ $value }}). | L13: sum(up{job=~".*etcd.*"} == bool 1) without (instance, pod) < ((count(up{job=~".*etcd.*"}) without (instance, pod) + 1) / 2) | M13: https://runbooks.prometheus-operator.dev/runbooks/etcd/etcdinsufficientmembers
A14: 13 | B14: etcd | C14: etcd | D14: etcdNoLeader | E14: critical | F14: etcd リーダーの有無 | G14: etcd_server_has_leader == 0(リーダー不在) | H14: 1m(1分) | J14: etcd cluster has no leader. | K14: etcd cluster "{{ $labels.job }}": member {{ $labels.instance }} has no leader. | L14: etcd_server_has_leader{job=~".*etcd.*"} == 0 | M14: https://runbooks.prometheus-operator.dev/runbooks/etcd/etcdnoleader
A15: 14 | B15: etcd | C15: etcd | D15: etcdHighNumberOfLeaderChanges | E15: warning | F15: etcd リーダー交代回数 | G15: 直近 15 分間のリーダー交代回数が 4 回以上 | H15: 5m(5分) | J15: etcd cluster has high number of leader changes. | K15: etcd cluster "{{ $labels.job }}": {{ $value }} leader changes within the last 15 minutes. Frequent elections may be a sign of insufficient resources, high network latency, or disruptions by other components and should be investigated. | L15: increase((max without (instance, pod) (etcd_server_leader_changes_seen_total{job=~".*etcd.*"}) or 0*absent(etcd_server_leader_changes_seen_total{job=~".*etcd.*"}))[15m:1m]) >= 4 | M15: https://runbooks.prometheus-operator.dev/runbooks/etcd/etcdhighnumberofleaderchanges
A16: 15 | B16: etcd | C16: etcd | D16: etcdHighNumberOfFailedGRPCRequests | E16: warning | F16: etcd gRPC リクエスト失敗率 | G16: 直近 5 分間の gRPC 失敗率(Unknown/Unavailable/DeadlineExceeded 等)が 1% を超過 | H16: 10m(10分) | J16: etcd cluster has high number of failed grpc requests. | K16: etcd cluster "{{ $labels.job }}": {{ $value }}% of requests for {{ $labels.grpc_method }} failed on etcd instance {{ $labels.instance }}. | L16: 100 * sum(rate(grpc_server_handled_total{job=~".*etcd.*", grpc_code=~"Unknown|FailedPrecondition|ResourceExhausted|Internal|Unavailable|DataLoss|DeadlineExceeded"}[5m])) without (grpc_type, grpc_code) / sum(rate(grpc_server_handled_total{job=~".*etcd.*"}[5m])) without (grpc_type, grpc_code) > 1 | M16: https://runbooks.prometheus-operator.dev/runbooks/etcd/etcdhighnumberoffailedgrpcrequests | N16: 同名アラートが複数段階(severity 別)で定義されている。
A17: 16 | B17: etcd | C17: etcd | D17: etcdHighNumberOfFailedGRPCRequests | E17: critical | F17: etcd gRPC リクエスト失敗率 | G17: 直近 5 分間の gRPC 失敗率(Unknown/Unavailable/DeadlineExceeded 等)が 5% を超過 | H17: 5m(5分) | J17: etcd cluster has high number of failed grpc requests. | K17: etcd cluster "{{ $labels.job }}": {{ $value }}% of requests for {{ $labels.grpc_method }} failed on etcd instance {{ $labels.instance }}. | L17: 100 * sum(rate(grpc_server_handled_total{job=~".*etcd.*", grpc_code=~"Unknown|FailedPrecondition|ResourceExhausted|Internal|Unavailable|DataLoss|DeadlineExceeded"}[5m])) without (grpc_type, grpc_code) / sum(rate(grpc_server_handled_total{job=~".*etcd.*"}[5m])) without (grpc_type, grpc_code) > 5 | M17: https://runbooks.prometheus-operator.dev/runbooks/etcd/etcdhighnumberoffailedgrpcrequests | N17: 同名アラートが複数段階(severity 別)で定義されている。
A18: 17 | B18: etcd | C18: etcd | D18: etcdGRPCRequestsSlow | E18: critical | F18: etcd gRPC 応答時間 | G18: 直近 5 分間の unary gRPC 処理時間の 99 パーセンタイルが 0.15 秒を超過(Defragment を除く) | H18: 10m(10分) | J18: etcd grpc requests are slow | K18: etcd cluster "{{ $labels.job }}": 99th percentile of gRPC requests is {{ $value }}s on etcd instance {{ $labels.instance }} for {{ $labels.grpc_method }} method. | L18: histogram_quantile(0.99, sum(rate(grpc_server_handling_seconds_bucket{job=~".*etcd.*", grpc_method!="Defragment", grpc_type="unary"}[5m])) without(grpc_type)) > 0.15 | M18: https://runbooks.prometheus-operator.dev/runbooks/etcd/etcdgrpcrequestsslow
A19: 18 | B19: etcd | C19: etcd | D19: etcdMemberCommunicationSlow | E19: warning | F19: etcd メンバー間通信の遅延 | G19: 直近 5 分間のピア間ラウンドトリップ時間の 99 パーセンタイルが 0.15 秒を超過 | H19: 10m(10分) | J19: etcd cluster member communication is slow. | K19: etcd cluster "{{ $labels.job }}": member communication with {{ $labels.To }} is taking {{ $value }}s on etcd instance {{ $labels.instance }}. | L19: histogram_quantile(0.99, rate(etcd_network_peer_round_trip_time_seconds_bucket{job=~".*etcd.*"}[5m])) > 0.15 | M19: https://runbooks.prometheus-operator.dev/runbooks/etcd/etcdmembercommunicationslow
A20: 19 | B20: etcd | C20: etcd | D20: etcdHighNumberOfFailedProposals | E20: warning | F20: etcd 提案(proposal)失敗数 | G20: 直近 15 分間の提案失敗レートが 5 件/秒 を超過 | H20: 15m(15分) | J20: etcd cluster has high number of proposal failures. | K20: etcd cluster "{{ $labels.job }}": {{ $value }} proposal failures within the last 30 minutes on etcd instance {{ $labels.instance }}. | L20: rate(etcd_server_proposals_failed_total{job=~".*etcd.*"}[15m]) > 5 | M20: https://runbooks.prometheus-operator.dev/runbooks/etcd/etcdhighnumberoffailedproposals
A21: 20 | B21: etcd | C21: etcd | D21: etcdHighFsyncDurations | E21: warning | F21: etcd WAL fsync 時間 | G21: 直近 5 分間の WAL fsync 時間の 99 パーセンタイルが 0.5 秒を超過 | H21: 10m(10分) | J21: etcd cluster 99th percentile fsync durations are too high. | K21: etcd cluster "{{ $labels.job }}": 99th percentile fsync durations are {{ $value }}s on etcd instance {{ $labels.instance }}. | L21: histogram_quantile(0.99, rate(etcd_disk_wal_fsync_duration_seconds_bucket{job=~".*etcd.*"}[5m])) > 0.5 | M21: https://runbooks.prometheus-operator.dev/runbooks/etcd/etcdhighfsyncdurations | N21: 同名アラートが複数段階(severity 別)で定義されている。
A22: 21 | B22: etcd | C22: etcd | D22: etcdHighFsyncDurations | E22: critical | F22: etcd WAL fsync 時間 | G22: 直近 5 分間の WAL fsync 時間の 99 パーセンタイルが 1 秒を超過 | H22: 10m(10分) | J22: etcd cluster 99th percentile fsync durations are too high. | K22: etcd cluster "{{ $labels.job }}": 99th percentile fsync durations are {{ $value }}s on etcd instance {{ $labels.instance }}. | L22: histogram_quantile(0.99, rate(etcd_disk_wal_fsync_duration_seconds_bucket{job=~".*etcd.*"}[5m])) > 1 | M22: https://runbooks.prometheus-operator.dev/runbooks/etcd/etcdhighfsyncdurations | N22: 同名アラートが複数段階(severity 別)で定義されている。
A23: 22 | B23: etcd | C23: etcd | D23: etcdHighCommitDurations | E23: warning | F23: etcd バックエンドコミット時間 | G23: 直近 5 分間のバックエンドコミット時間の 99 パーセンタイルが 0.25 秒を超過 | H23: 10m(10分) | J23: etcd cluster 99th percentile commit durations are too high. | K23: etcd cluster "{{ $labels.job }}": 99th percentile commit durations {{ $value }}s on etcd instance {{ $labels.instance }}. | L23: histogram_quantile(0.99, rate(etcd_disk_backend_commit_duration_seconds_bucket{job=~".*etcd.*"}[5m])) > 0.25 | M23: https://runbooks.prometheus-operator.dev/runbooks/etcd/etcdhighcommitdurations
A24: 23 | B24: etcd | C24: etcd | D24: etcdDatabaseQuotaLowSpace | E24: critical | F24: etcd DB サイズのクォータ使用率 | G24: DB 総サイズ / バックエンドクォータ が 95% を超過 | H24: 10m(10分) | J24: etcd cluster database is running full. | K24: etcd cluster "{{ $labels.job }}": database size exceeds the defined quota on etcd instance {{ $labels.instance }}, please defrag or increase the quota as the writes to etcd will be disabled when it is full. | L24: (last_over_time(etcd_mvcc_db_total_size_in_bytes{job=~".*etcd.*"}[5m]) / last_over_time(etcd_server_quota_backend_bytes{job=~".*etcd.*"}[5m]))*100 > 95 | M24: https://runbooks.prometheus-operator.dev/runbooks/etcd/etcddatabasequotalowspace
A25: 24 | B25: etcd | C25: etcd | D25: etcdExcessiveDatabaseGrowth | E25: warning | F25: etcd DB サイズの増加傾向 | G25: 直近 4 時間の傾向から 4 時間後の DB サイズを線形予測し、クォータを超過する見込み | H25: 10m(10分) | J25: etcd cluster database growing very fast. | K25: etcd cluster "{{ $labels.job }}": Predicting running out of disk space in the next four hours, based on write observations within the past four hours on etcd instance {{ $labels.instance }}, please check as it might be disruptive. | L25: predict_linear(etcd_mvcc_db_total_size_in_bytes{job=~".*etcd.*"}[4h], 4*60*60) > etcd_server_quota_backend_bytes{job=~".*etcd.*"} | M25: https://runbooks.prometheus-operator.dev/runbooks/etcd/etcdexcessivedatabasegrowth
A26: 25 | B26: etcd | C26: etcd | D26: etcdDatabaseHighFragmentationRatio | E26: warning | F26: etcd DB のフラグメンテーション | G26: 使用中サイズ / 総サイズ が 0.5 未満、かつ使用中サイズが 100MiB(104857600 バイト)を超過 | H26: 10m(10分) | J26: etcd database size in use is less than 50% of the actual allocated storage. | K26: etcd cluster "{{ $labels.job }}": database size in use on instance {{ $labels.instance }} is {{ $value | humanizePercentage }} of the actual allocated disk space, please run defragmentation (e.g. etcdctl defrag) to retrieve the unused fragmented disk space. | L26: (last_over_time(etcd_mvcc_db_total_size_in_use_in_bytes{job=~".*etcd.*"}[5m]) / last_over_time(etcd_mvcc_db_total_size_in_bytes{job=~".*etcd.*"}[5m])) < 0.5 and etcd_mvcc_db_total_size_in_use_in_bytes{job=~".*etcd.*"} > 104857600 | M26: https://runbooks.prometheus-operator.dev/runbooks/etcd/etcddatabasehighfragmentationratio | N26: defrag の実施を検討する。
A27: 26 | B27: general.rules | C27: 監視基盤(汎用) | D27: TargetDown | E27: warning | F27: スクレイプ対象(ターゲット)の到達性 | G27: job/namespace/service 単位で、到達不能(up == 0)なターゲットの割合が 10% を超過 | H27: 10m(10分) | J27: One or more targets are unreachable. | K27: {{ printf "%.4g" $value }}% of the {{ $labels.job }}/{{ $labels.service }} targets in {{ $labels.namespace }} namespace are down. | L27: 100 * (count(up == 0) BY (cluster, job, namespace, service) / count(up) BY (cluster, job, namespace, service)) > 10 | M27: https://runbooks.prometheus-operator.dev/runbooks/general/targetdown
A28: 27 | B28: general.rules | C28: 監視基盤(汎用) | D28: Watchdog | E28: none | F28: 監視パイプライン(Prometheus→Alertmanager)の生存確認 | G28: 常時発報(vector(1))。条件は常に真 | H28: 即時(for 未設定) | J28: An alert that should always be firing to certify that Alertmanager is working properly. | K28: This is an alert meant to ensure that the entire alerting pipeline is functional. This alert is always firing, therefore it should always be firing in Alertmanager and always fire against a receiver. There are integrations with various notification mechanisms that send a notification when this alert is not firing. For example the "DeadMansSnitch" integration in PagerDuty. | L28: vector(1) | M28: https://runbooks.prometheus-operator.dev/runbooks/general/watchdog | N28: 死活確認用アラート。Alertmanager では null receiver へルーティングし、通知しないのが標準構成。発報が止まった場合に監視基盤の異常と判断する(外部の Dead man's switch と組み合わせて使用)。for 未設定のため条件成立と同時に発報する。
A29: 28 | B29: general.rules | C29: 監視基盤(汎用) | D29: InfoInhibitor | E29: none | F29: info アラートの抑止(inhibit)制御 | G29: 同一 namespace で severity=info のアラートが firing、かつ warning/critical のアラートが firing していない | H29: 即時(for 未設定) | J29: Info-level alert inhibition. | K29: This is an alert that is used to inhibit info alerts. By themselves, the info-level alerts are sometimes very noisy, but they are relevant when combined with other alerts. This alert fires whenever there's a severity="info" alert, and stops firing when another alert with a severity of 'warning' or 'critical' starts firing on the same namespace. This alert should be routed to a null receiver and configured to inhibit alerts with severity="info". | L29: group by (namespace) (ALERTS{severity = "info"} == 1) unless on (namespace) group by (namespace) (ALERTS{alertname != "InfoInhibitor", alertstate = "firing", severity =~ "warning|critical"} == 1) | M29: https://runbooks.prometheus-operator.dev/runbooks/general/infoinhibitor | N29: 通知用ではなく inhibit_rules 用の補助アラート。Alertmanager では null receiver へルーティングし、本アラートが firing 中は同一 namespace の info アラートを抑止する構成が標準。for 未設定のため条件成立と同時に発報する。
A30: 29 | B30: kube-apiserver-slos | C30: kube-apiserver(SLO) | D30: KubeAPIErrorBudgetBurn | E30: critical | F30: kube-apiserver の可用性 SLO(99%)に対するエラーバジェット消費速度(バーンレート) | G30: 1 時間および 5 分のバーンレートが共に 14.4 倍(エラー率 14.4%)を超過 | H30: 2m(2分) | I30: long=1h,short=5m | J30: The Kube API server is burning too much error budget. | K30: The Kube API server is burning too much error budget on cluster {{ $labels.cluster }}. | L30: sum by (cluster) (apiserver_request:burnrate1h) > (14.40 * 0.01000) and on (cluster) sum by (cluster) (apiserver_request:burnrate5m) > (14.40 * 0.01000) | M30: https://runbooks.prometheus-operator.dev/runbooks/kubernetes/kubeapierrorbudgetburn | N30: マルチウィンドウ・マルチバーンレート方式の最短ウィンドウ(最も急激な消費)。同名アラートが複数段階(severity 別)で定義されている。
A31: 30 | B31: kube-apiserver-slos | C31: kube-apiserver(SLO) | D31: KubeAPIErrorBudgetBurn | E31: critical | F31: kube-apiserver の可用性 SLO(99%)に対するエラーバジェット消費速度(バーンレート) | G31: 6 時間および 30 分のバーンレートが共に 6 倍(エラー率 6%)を超過 | H31: 15m(15分) | I31: long=6h,short=30m | J31: The Kube API server is burning too much error budget. | K31: The Kube API server is burning too much error budget on cluster {{ $labels.cluster }}. | L31: sum by (cluster) (apiserver_request:burnrate6h) > (6.00 * 0.01000) and on (cluster) sum by (cluster) (apiserver_request:burnrate30m) > (6.00 * 0.01000) | M31: https://runbooks.prometheus-operator.dev/runbooks/kubernetes/kubeapierrorbudgetburn | N31: 同名アラートが複数段階(severity 別)で定義されている。
A32: 31 | B32: kube-apiserver-slos | C32: kube-apiserver(SLO) | D32: KubeAPIErrorBudgetBurn | E32: warning | F32: kube-apiserver の可用性 SLO(99%)に対するエラーバジェット消費速度(バーンレート) | G32: 1 日および 2 時間のバーンレートが共に 3 倍(エラー率 3%)を超過 | H32: 1h(1時間) | I32: long=1d,short=2h | J32: The Kube API server is burning too much error budget. | K32: The Kube API server is burning too much error budget on cluster {{ $labels.cluster }}. | L32: sum by (cluster) (apiserver_request:burnrate1d) > (3.00 * 0.01000) and on (cluster) sum by (cluster) (apiserver_request:burnrate2h) > (3.00 * 0.01000) | M32: https://runbooks.prometheus-operator.dev/runbooks/kubernetes/kubeapierrorbudgetburn | N32: 同名アラートが複数段階(severity 別)で定義されている。
A33: 32 | B33: kube-apiserver-slos | C33: kube-apiserver(SLO) | D33: KubeAPIErrorBudgetBurn | E33: warning | F33: kube-apiserver の可用性 SLO(99%)に対するエラーバジェット消費速度(バーンレート) | G33: 3 日および 6 時間のバーンレートが共に 1 倍(エラー率 1%)を超過 | H33: 3h(3時間) | I33: long=3d,short=6h | J33: The Kube API server is burning too much error budget. | K33: The Kube API server is burning too much error budget on cluster {{ $labels.cluster }}. | L33: sum by (cluster) (apiserver_request:burnrate3d) > (1.00 * 0.01000) and on (cluster) sum by (cluster) (apiserver_request:burnrate6h) > (1.00 * 0.01000) | M33: https://runbooks.prometheus-operator.dev/runbooks/kubernetes/kubeapierrorbudgetburn | N33: 最長ウィンドウ(緩やかな消費)。同名アラートが複数段階(severity 別)で定義されている。
A34: 33 | B34: kube-state-metrics | C34: kube-state-metrics | D34: KubeStateMetricsListErrors | E34: critical | F34: kube-state-metrics の list 操作エラー率 | G34: 直近 5 分間の list 操作エラー率が 1% を超過 | H34: 15m(15分) | J34: kube-state-metrics is experiencing errors in list operations. | K34: kube-state-metrics is experiencing errors at an elevated rate in list operations. This is likely causing it to not be able to expose metrics about Kubernetes objects correctly or at all. | L34: (sum(rate(kube_state_metrics_list_total{job="kube-state-metrics",result="error"}[5m])) by (cluster) / sum(rate(kube_state_metrics_list_total{job="kube-state-metrics"}[5m])) by (cluster)) > 0.01 | M34: https://runbooks.prometheus-operator.dev/runbooks/kube-state-metrics/kubestatemetricslisterrors
A35: 34 | B35: kube-state-metrics | C35: kube-state-metrics | D35: KubeStateMetricsWatchErrors | E35: critical | F35: kube-state-metrics の watch 操作エラー率 | G35: 直近 5 分間の watch 操作エラー率が 1% を超過 | H35: 15m(15分) | J35: kube-state-metrics is experiencing errors in watch operations. | K35: kube-state-metrics is experiencing errors at an elevated rate in watch operations. This is likely causing it to not be able to expose metrics about Kubernetes objects correctly or at all. | L35: (sum(rate(kube_state_metrics_watch_total{job="kube-state-metrics",result="error"}[5m])) by (cluster) / sum(rate(kube_state_metrics_watch_total{job="kube-state-metrics"}[5m])) by (cluster)) > 0.01 | M35: https://runbooks.prometheus-operator.dev/runbooks/kube-state-metrics/kubestatemetricswatcherrors
A36: 35 | B36: kube-state-metrics | C36: kube-state-metrics | D36: KubeStateMetricsShardingMismatch | E36: critical | F36: kube-state-metrics シャーディング設定の整合性 | G36: シャード総数の分散(stdvar)が 0 でない(インスタンス間でシャード数設定が不一致) | H36: 15m(15分) | J36: kube-state-metrics sharding is misconfigured. | K36: kube-state-metrics pods are running with different --total-shards configuration, some Kubernetes objects may be exposed multiple times or not exposed at all. | L36: stdvar (kube_state_metrics_total_shards{job="kube-state-metrics"}) by (cluster) != 0 | M36: https://runbooks.prometheus-operator.dev/runbooks/kube-state-metrics/kubestatemetricsshardingmismatch
A37: 36 | B37: kube-state-metrics | C37: kube-state-metrics | D37: KubeStateMetricsShardsMissing | E37: critical | F37: kube-state-metrics シャードの欠落 | G37: 期待されるシャード序数の集合と実際に稼働しているシャードの集合が一致しない | H37: 15m(15分) | J37: kube-state-metrics shards are missing. | K37: kube-state-metrics shards are missing, some Kubernetes objects are not being exposed. | L37: 2^max(kube_state_metrics_total_shards{job="kube-state-metrics"}) by (cluster) - 1 - sum( 2 ^ max by (cluster, shard_ordinal) (kube_state_metrics_shard_ordinal{job="kube-state-metrics"}) ) by (cluster) != 0 | M37: https://runbooks.prometheus-operator.dev/runbooks/kube-state-metrics/kubestatemetricsshardsmissing
A38: 37 | B38: kubernetes-apps | C38: ワークロード(Pod/Deployment/StatefulSet/DaemonSet/Job/HPA/PDB) | D38: KubePodCrashLooping | E38: warning | F38: Pod コンテナのクラッシュループ | G38: 直近 5 分間でコンテナの waiting 理由が CrashLoopBackOff になっている | H38: 15m(15分) | J38: Pod is crash looping. | K38: Pod {{ $labels.namespace }}/{{ $labels.pod }} ({{ $labels.container }}) is in waiting state (reason: "CrashLoopBackOff") on cluster {{ $labels.cluster }}. | L38: max_over_time(kube_pod_container_status_waiting_reason{reason="CrashLoopBackOff", job="kube-state-metrics", namespace=~".*"}[5m]) >= 1 | M38: https://runbooks.prometheus-operator.dev/runbooks/kubernetes/kubepodcrashlooping
A39: 38 | B39: kubernetes-apps | C39: ワークロード(Pod/Deployment/StatefulSet/DaemonSet/Job/HPA/PDB) | D39: KubePodNotReady | E39: warning | F39: Pod の Ready 状態 | G39: Pod が Pending/Unknown、または Running だが Ready でない状態(Job 管理下・SchedulingGated の Pod は除外) | H39: 15m(15分) | J39: Pod has been in a non-ready state for more than 15 minutes. | K39: Pod {{ $labels.namespace }}/{{ $labels.pod }} has been in a non-ready state for longer than 15 minutes on cluster {{ $labels.cluster }}. | L39: sum by (namespace, pod, job, cluster) ( max by (namespace, pod, job, cluster) ( kube_pod_status_phase{job="kube-state-metrics", namespace=~".*", phase=~"Pending|Unknown"} or ( kube_pod_status_phase{job="kube-state-metrics", namespace=~".*", phase="Running"} == 1 and on (namespace, pod, cluster) kube_pod_status_ready{job="kube-state-metrics", namespace=~".*", condition="true"} == 0 ) ) * on (namespace, pod, cluster) group_left() topk by (namespace, pod, cluster) ( 1, max by (namespace, pod, owner_kind, cluster) (kube_pod_owner{owner_kind!="Job"}) ) ) > 0 unless on (namespace, pod, cluster) kube_pod_status_reason{job="kube-state-metrics", namespace=~".*", reason="SchedulingGated"} == 1 | M39: https://runbooks.prometheus-operator.dev/runbooks/kubernetes/kubepodnotready
A40: 39 | B40: kubernetes-apps | C40: ワークロード(Pod/Deployment/StatefulSet/DaemonSet/Job/HPA/PDB) | D40: KubeDeploymentGenerationMismatch | E40: warning | F40: Deployment の世代(generation)整合性 | G40: observed_generation != metadata_generation(コントローラが最新の spec を反映できていない) | H40: 15m(15分) | J40: Deployment generation mismatch due to possible roll-back | K40: Deployment generation for {{ $labels.namespace }}/{{ $labels.deployment }} does not match, this indicates that the Deployment has failed but has not been rolled back on cluster {{ $labels.cluster }}. | L40: kube_deployment_status_observed_generation{job="kube-state-metrics", namespace=~".*"} != kube_deployment_metadata_generation{job="kube-state-metrics", namespace=~".*"} | M40: https://runbooks.prometheus-operator.dev/runbooks/kubernetes/kubedeploymentgenerationmismatch
A41: 40 | B41: kubernetes-apps | C41: ワークロード(Pod/Deployment/StatefulSet/DaemonSet/Job/HPA/PDB) | D41: KubeDeploymentReplicasMismatch | E41: warning | F41: Deployment のレプリカ数 | G41: spec.replicas > available レプリカ数、かつ直近 10 分間で updated レプリカ数に変化がない | H41: 15m(15分) | J41: Deployment has not matched the expected number of replicas. | K41: Deployment {{ $labels.namespace }}/{{ $labels.deployment }} has not matched the expected number of replicas for longer than 15 minutes on cluster {{ $labels.cluster }}. | L41: ( kube_deployment_spec_replicas{job="kube-state-metrics", namespace=~".*"} > kube_deployment_status_replicas_available{job="kube-state-metrics", namespace=~".*"} ) and ( changes(kube_deployment_status_replicas_updated{job="kube-state-metrics", namespace=~".*"}[10m]) == 0 ) | M41: https://runbooks.prometheus-operator.dev/runbooks/kubernetes/kubedeploymentreplicasmismatch
A42: 41 | B42: kubernetes-apps | C42: ワークロード(Pod/Deployment/StatefulSet/DaemonSet/Job/HPA/PDB) | D42: KubeDeploymentRolloutStuck | E42: warning | F42: Deployment のロールアウト進行 | G42: Progressing 条件が false(ロールアウトが進行していない) | H42: 15m(15分) | J42: Deployment rollout is not progressing. | K42: Rollout of deployment {{ $labels.namespace }}/{{ $labels.deployment }} is not progressing for longer than 15 minutes on cluster {{ $labels.cluster }}. | L42: kube_deployment_status_condition{condition="Progressing", status="false",job="kube-state-metrics", namespace=~".*"} != 0 | M42: https://runbooks.prometheus-operator.dev/runbooks/kubernetes/kubedeploymentrolloutstuck
A43: 42 | B43: kubernetes-apps | C43: ワークロード(Pod/Deployment/StatefulSet/DaemonSet/Job/HPA/PDB) | D43: KubeStatefulSetReplicasMismatch | E43: warning | F43: StatefulSet のレプリカ数 | G43: ready レプリカ数 != spec.replicas、かつ直近 10 分間で updated レプリカ数に変化がない | H43: 15m(15分) | J43: StatefulSet has not matched the expected number of replicas. | K43: StatefulSet {{ $labels.namespace }}/{{ $labels.statefulset }} has not matched the expected number of replicas for longer than 15 minutes on cluster {{ $labels.cluster }}. | L43: ( kube_statefulset_status_replicas_ready{job="kube-state-metrics", namespace=~".*"} != kube_statefulset_replicas{job="kube-state-metrics", namespace=~".*"} ) and ( changes(kube_statefulset_status_replicas_updated{job="kube-state-metrics", namespace=~".*"}[10m]) == 0 ) | M43: https://runbooks.prometheus-operator.dev/runbooks/kubernetes/kubestatefulsetreplicasmismatch
A44: 43 | B44: kubernetes-apps | C44: ワークロード(Pod/Deployment/StatefulSet/DaemonSet/Job/HPA/PDB) | D44: KubeStatefulSetGenerationMismatch | E44: warning | F44: StatefulSet の世代(generation)整合性 | G44: observed_generation != metadata_generation(コントローラが最新の spec を反映できていない) | H44: 15m(15分) | J44: StatefulSet generation mismatch due to possible roll-back | K44: StatefulSet generation for {{ $labels.namespace }}/{{ $labels.statefulset }} does not match, this indicates that the StatefulSet has failed but has not been rolled back on cluster {{ $labels.cluster }}. | L44: kube_statefulset_status_observed_generation{job="kube-state-metrics", namespace=~".*"} != kube_statefulset_metadata_generation{job="kube-state-metrics", namespace=~".*"} | M44: https://runbooks.prometheus-operator.dev/runbooks/kubernetes/kubestatefulsetgenerationmismatch
A45: 44 | B45: kubernetes-apps | C45: ワークロード(Pod/Deployment/StatefulSet/DaemonSet/Job/HPA/PDB) | D45: KubeStatefulSetUpdateNotRolledOut | E45: warning | F45: StatefulSet の更新ロールアウト | G45: current revision と update revision が異なり、replicas != updated レプリカ数、かつ直近 5 分間で updated 数に変化がない | H45: 15m(15分) | J45: StatefulSet update has not been rolled out. | K45: StatefulSet {{ $labels.namespace }}/{{ $labels.statefulset }} update has not been rolled out on cluster {{ $labels.cluster }}. | L45: ( max by (namespace, statefulset, job, cluster) ( kube_statefulset_status_current_revision{job="kube-state-metrics", namespace=~".*"} unless kube_statefulset_status_update_revision{job="kube-state-metrics", namespace=~".*"} ) * on (namespace, statefulset, job, cluster) ( kube_statefulset_replicas{job="kube-state-metrics", namespace=~".*"} != kube_statefulset_status_replicas_updated{job="kube-state-metrics", namespace=~".*"} ) ) and on (namespace, statefulset, job, cluster) ( changes(kube_statefulset_status_replicas_updated{job="kube-state-metrics", namespace=~".*"}[5m]) == 0 ) | M45: https://runbooks.prometheus-operator.dev/runbooks/kubernetes/kubestatefulsetupdatenotrolledout
... A49: 48 | B49: kubernetes-apps | C49: ワークロード(Pod/Deployment/StatefulSet/DaemonSet/Job/HPA/PDB) | D49: KubeDaemonSetMisScheduled | E49: warning | F49: DaemonSet Pod の誤スケジュール | G49: misscheduled 数 > 0(配置されるべきでないノードで Pod が動作) | H49: 15m(15分) | J49: DaemonSet pods are misscheduled. | K49: {{ $value }} Pods of DaemonSet {{ $labels.namespace }}/{{ $labels.daemonset }} are running where they are not supposed to run on cluster {{ $labels.cluster }}. | L49: kube_daemonset_status_number_misscheduled{job="kube-state-metrics", namespace=~".*"} > 0 | M49: https://runbooks.prometheus-operator.dev/runbooks/kubernetes/kubedaemonsetmisscheduled
A50: 49 | B50: kubernetes-apps | C50: ワークロード(Pod/Deployment/StatefulSet/DaemonSet/Job/HPA/PDB) | D50: KubeJobNotCompleted | E50: warning | F50: Job の実行時間超過 | G50: active な Job の開始からの経過時間が 43200 秒(12 時間)を超過 | H50: 即時(for 未設定) | J50: Job did not complete in time | K50: Job {{ $labels.namespace }}/{{ $labels.job_name }} is taking more than {{ "43200" | humanizeDuration }} to complete on cluster {{ $labels.cluster }}. | L50: time() - max by (namespace, job_name, cluster) (kube_job_status_start_time{job="kube-state-metrics", namespace=~".*"} and kube_job_status_active{job="kube-state-metrics", namespace=~".*"} > 0) > 43200 | M50: https://runbooks.prometheus-operator.dev/runbooks/kubernetes/kubejobnotcompleted | N50: for 未設定のため条件成立と同時に発報する。
A51: 50 | B51: kubernetes-apps | C51: ワークロード(Pod/Deployment/StatefulSet/DaemonSet/Job/HPA/PDB) | D51: KubeJobFailed | E51: warning | F51: Job の失敗 | G51: kube_job_failed > 0(Failed 状態の Job が存在) | H51: 15m(15分) | J51: Job failed to complete. | K51: Job {{ $labels.namespace }}/{{ $labels.job_name }} failed to complete. Removing failed job after investigation should clear this alert on cluster {{ $labels.cluster }}. | L51: kube_job_failed{job="kube-state-metrics", namespace=~".*"} > 0 | M51: https://runbooks.prometheus-operator.dev/runbooks/kubernetes/kubejobfailed
A52: 51 | B52: kubernetes-apps | C52: ワークロード(Pod/Deployment/StatefulSet/DaemonSet/Job/HPA/PDB) | D52: KubeHpaReplicasMismatch | E52: warning | F52: HPA の desired と current レプリカ数の乖離 | G52: desired != current、current が min より大きく max より小さい、かつ直近 15 分間 current に変化がない | H52: 15m(15分) | J52: HPA has not matched desired number of replicas. | K52: HPA {{ $labels.namespace }}/{{ $labels.horizontalpodautoscaler }} has not matched the desired number of replicas for longer than 15 minutes on cluster {{ $labels.cluster }}. | L52: (kube_horizontalpodautoscaler_status_desired_replicas{job="kube-state-metrics", namespace=~".*"} != kube_horizontalpodautoscaler_status_current_replicas{job="kube-state-metrics", namespace=~".*"}) and (kube_horizontalpodautoscaler_status_current_replicas{job="kube-state-metrics", namespace=~".*"} > kube_horizontalpodautoscaler_spec_min_replicas{job="kube-state-metrics", namespace=~".*"}) and (kube_horizontalpodautoscaler_status_current_replicas{job="kube-state-metrics", namespace=~".*"} < kube_horizontalpodautoscaler_spec_max_replicas{job="kube-state-metrics", namespace=~".*"}) and changes(kube_horizontalpodautoscaler_status_current_replicas{job="kube-state-metrics", namespace=~".*"}[15m]) == 0 | M52: https://runbooks.prometheus-operator.dev/runbooks/kubernetes/kubehpareplicasmismatch
A53: 52 | B53: kubernetes-apps | C53: ワークロード(Pod/Deployment/StatefulSet/DaemonSet/Job/HPA/PDB) | D53: KubeHpaMaxedOut | E53: warning | F53: HPA の最大レプリカ数到達 | G53: current レプリカ数 == max レプリカ数(min != max の HPA のみ) | H53: 15m(15分) | J53: HPA is running at max replicas | K53: HPA {{ $labels.namespace }}/{{ $labels.horizontalpodautoscaler }} has been running at max replicas for longer than 15 minutes on cluster {{ $labels.cluster }}. | L53: ( kube_horizontalpodautoscaler_status_current_replicas{job="kube-state-metrics", namespace=~".*"} == kube_horizontalpodautoscaler_spec_max_replicas{job="kube-state-metrics", namespace=~".*"} ) and on (namespace, horizontalpodautoscaler, cluster) ( kube_horizontalpodautoscaler_spec_max_replicas{job="kube-state-metrics", namespace=~".*"} != kube_horizontalpodautoscaler_spec_min_replicas{job="kube-state-metrics", namespace=~".*"} ) | M53: https://runbooks.prometheus-operator.dev/runbooks/kubernetes/kubehpamaxedout
A54: 53 | B54: kubernetes-apps | C54: ワークロード(Pod/Deployment/StatefulSet/DaemonSet/Job/HPA/PDB) | D54: KubePdbNotEnoughHealthyPods | E54: warning | F54: PodDisruptionBudget の健全 Pod 数 | G54: desired_healthy - current_healthy > 0(PDB が要求する健全 Pod 数を満たしていない) | H54: 15m(15分) | J54: PDB does not have enough healthy pods. | K54: PDB {{ $labels.cluster }}/{{ $labels.namespace }}/{{ $labels.poddisruptionbudget }} expects {{ $value }} more healthy pods. The desired number of healthy pods has not been met for at least 15m. | L54: ( kube_poddisruptionbudget_status_desired_healthy{job="kube-state-metrics", namespace=~".*"} - kube_poddisruptionbudget_status_current_healthy{job="kube-state-metrics", namespace=~".*"} ) > 0 | M54: https://runbooks.prometheus-operator.dev/runbooks/kubernetes/kubepdbnotenoughhealthypods
A55: 54 | B55: kubernetes-resources | C55: リソース(Requests/Quota/CPU スロットリング) | D55: KubeCPUOvercommit | E55: warning | F55: クラスタ全体の CPU requests オーバーコミット | G55: Pod の CPU requests 合計が、ノードの allocatable CPU 合計(HA 構成: control-plane 3 台以上ではノード 1 台分を差し引いた値)を超過 | H55: 10m(10分) | J55: Cluster has overcommitted CPU resource requests. | K55: Cluster {{ $labels.cluster }} has overcommitted CPU resource requests for Pods by {{ printf "%.2f" $value }} CPU shares and cannot tolerate node failure. | L55: # Non-HA clusters. ( ( sum by (cluster) (namespace_cpu:kube_pod_container_resource_requests:sum{}) - sum by (cluster) (kube_node_status_allocatable{job="kube-state-metrics",resource="cpu"}) > 0 ) and count by (cluster) (max by (cluster, node) (kube_node_role{job="kube-state-metrics", role="control-plane"})) < 3 ) or # HA clusters. ( sum by (cluster) (namespace_cpu:kube_pod_container_resource_requests:sum{}) - ( # Skip clusters with only one allocatable node. ( sum by (cluster) (kube_node_status_allocatable{job="kube-state-metrics",resource="cpu"}) - max by (cluster) (kube_node_status_allocatable{job="kube-state-metrics",resource="cpu"}) ) > 0 ) > 0 ) | M55: https://runbooks.prometheus-operator.dev/runbooks/kubernetes/kubecpuovercommit
A56: 55 | B56: kubernetes-resources | C56: リソース(Requests/Quota/CPU スロットリング) | D56: KubeMemoryOvercommit | E56: warning | F56: クラスタ全体のメモリ requests オーバーコミット | G56: Pod のメモリ requests 合計が、ノードの allocatable メモリ合計(HA 構成: control-plane 3 台以上ではノード 1 台分を差し引いた値)を超過 | H56: 10m(10分) | J56: Cluster has overcommitted memory resource requests. | K56: Cluster {{ $labels.cluster }} has overcommitted memory resource requests for Pods by {{ $value | humanize }} bytes and cannot tolerate node failure. | L56: # Non-HA clusters. ( ( sum by (cluster) (namespace_memory:kube_pod_container_resource_requests:sum{}) - sum by (cluster) (kube_node_status_allocatable{job="kube-state-metrics",resource="memory"}) > 0 ) and count by (cluster) (max by (cluster, node) (kube_node_role{job="kube-state-metrics", role="control-plane"})) < 3 ) or # HA clusters. ( sum by (cluster) (namespace_memory:kube_pod_container_resource_requests:sum{}) - ( # Skip clusters with only one allocatable node. ( sum by (cluster) (kube_node_status_allocatable{job="kube-state-metrics",resource="memory"}) - max by (cluster) (kube_node_status_allocatable{job="kube-state-metrics",resource="memory"}) ) > 0 ) > 0 ) | M56: https://runbooks.prometheus-operator.dev/runbooks/kubernetes/kubememoryovercommit
A57: 56 | B57: kubernetes-resources | C57: リソース(Requests/Quota/CPU スロットリング) | D57: KubeCPUQuotaOvercommit | E57: warning | F57: ResourceQuota(CPU)の割当過多 | G57: 全 namespace の CPU ハードクォータ合計 / ノード allocatable CPU 合計 が 1.5 を超過 | H57: 5m(5分) | J57: Cluster has overcommitted CPU resource requests. | K57: Cluster {{ $labels.cluster }} has overcommitted CPU resource requests for Namespaces. | L57: sum by (cluster) ( min without(resource) (kube_resourcequota{job="kube-state-metrics", type="hard", resource=~"(cpu|requests.cpu)"}) ) / sum by (cluster) ( kube_node_status_allocatable{resource="cpu", job="kube-state-metrics"} ) > 1.5 | M57: https://runbooks.prometheus-operator.dev/runbooks/kubernetes/kubecpuquotaovercommit
A58: 57 | B58: kubernetes-resources | C58: リソース(Requests/Quota/CPU スロットリング) | D58: KubeMemoryQuotaOvercommit | E58: warning | F58: ResourceQuota(メモリ)の割当過多 | G58: 全 namespace のメモリ ハードクォータ合計 / ノード allocatable メモリ合計 が 1.5 を超過 | H58: 5m(5分) | J58: Cluster has overcommitted memory resource requests. | K58: Cluster {{ $labels.cluster }} has overcommitted memory resource requests for Namespaces. | L58: sum by (cluster) ( min without(resource) (kube_resourcequota{job="kube-state-metrics", type="hard", resource=~"(memory|requests.memory)"}) ) / sum by (cluster) ( kube_node_status_allocatable{resource="memory", job="kube-state-metrics"} ) > 1.5 | M58: https://runbooks.prometheus-operator.dev/runbooks/kubernetes/kubememoryquotaovercommit
A59: 58 | B59: kubernetes-resources | C59: リソース(Requests/Quota/CPU スロットリング) | D59: KubeQuotaAlmostFull | E59: info | F59: namespace ResourceQuota の使用率 | G59: used / hard が 90% 超過かつ 100% 未満 | H59: 15m(15分) | J59: Namespace quota is going to be full. | K59: Namespace {{ $labels.namespace }} is using {{ $value | humanizePercentage }} of its {{ $labels.resource }} quota on cluster {{ $labels.cluster }}. | L59: topk by (cluster, namespace, resource, resourcequota) (1, max without (instance, job, type) ( kube_resourcequota{job="kube-state-metrics", type="used"} ) ) / on (cluster, namespace, resource, resourcequota) group_left() topk by (cluster, namespace, resource, resourcequota) (1, max without (instance, job, type) ( kube_resourcequota{job="kube-state-metrics", type="hard"} ) > 0 ) > 0.9 < 1 | M59: https://runbooks.prometheus-operator.dev/runbooks/kubernetes/kubequotaalmostfull
A60: 59 | B60: kubernetes-resources | C60: リソース(Requests/Quota/CPU スロットリング) | D60: KubeQuotaFullyUsed | E60: info | F60: namespace ResourceQuota の使用率 | G60: used / hard が 100%(ちょうど上限) | H60: 15m(15分) | J60: Namespace quota is fully used. | K60: Namespace {{ $labels.namespace }} is using {{ $value | humanizePercentage }} of its {{ $labels.resource }} quota on cluster {{ $labels.cluster }}. | L60: topk by (cluster, namespace, resource, resourcequota) (1, max without (instance, job, type) ( kube_resourcequota{job="kube-state-metrics", type="used"} ) ) / on (cluster, namespace, resource, resourcequota) group_left() topk by (cluster, namespace, resource, resourcequota) (1, max without (instance, job, type) ( kube_resourcequota{job="kube-state-metrics", type="hard"} ) > 0 ) == 1 | M60: https://runbooks.prometheus-operator.dev/runbooks/kubernetes/kubequotafullyused
A61: 60 | B61: kubernetes-resources | C61: リソース(Requests/Quota/CPU スロットリング) | D61: KubeQuotaExceeded | E61: warning | F61: namespace ResourceQuota の超過 | G61: used / hard が 100% を超過 | H61: 15m(15分) | J61: Namespace quota has exceeded the limits. | K61: Namespace {{ $labels.namespace }} is using {{ $value | humanizePercentage }} of its {{ $labels.resource }} quota on cluster {{ $labels.cluster }}. | L61: topk by (cluster, namespace, resource, resourcequota) (1, max without (instance, job, type) ( kube_resourcequota{job="kube-state-metrics", type="used"} ) ) / on (cluster, namespace, resource, resourcequota) group_left() topk by (cluster, namespace, resource, resourcequota) (1, max without (instance, job, type) ( kube_resourcequota{job="kube-state-metrics", type="hard"} ) > 0 ) > 1 | M61: https://runbooks.prometheus-operator.dev/runbooks/kubernetes/kubequotaexceeded
A62: 61 | B62: kubernetes-resources | C62: リソース(Requests/Quota/CPU スロットリング) | D62: CPUThrottlingHigh | E62: info | F62: コンテナの CPU スロットリング率 | G62: 直近 5 分間で CFS スロットリングされた期間の割合が 25% を超過(CPU limits による制限) | H62: 15m(15分) | J62: Processes experience elevated CPU throttling. | K62: {{ $value | humanizePercentage }} throttling of CPU in namespace {{ $labels.namespace }} for container {{ $labels.container }} in pod {{ $labels.pod }} on cluster {{ $labels.cluster }}. | L62: sum without (id, metrics_path, name, image, endpoint, job, node) ( topk by (cluster, namespace, pod, container, instance) (1, increase( container_cpu_cfs_throttled_periods_total{container!="", job="kubelet", metrics_path="/metrics/cadvisor", } [5m]) ) ) / on (cluster, namespace, pod, container, instance) group_left sum without (id, metrics_path, name, image, endpoint, job, node) ( topk by (cluster, namespace, pod, container, instance) (1, increase( container_cpu_cfs_periods_total{job="kubelet", metrics_path="/metrics/cadvisor", } [5m]) ) ) > ( 25 / 100 ) | M62: https://runbooks.prometheus-operator.dev/runbooks/kubernetes/cputhrottlinghigh
A63: 62 | B63: kubernetes-storage | C63: ストレージ(PV/PVC) | D63: KubePersistentVolumeFillingUp | E63: critical | F63: PersistentVolume の空き容量 | G63: 空き容量 / 総容量 が 3% 未満、かつ使用量 > 0 | H63: 1m(1分) | J63: PersistentVolume is filling up. | K63: The PersistentVolume claimed by {{ $labels.persistentvolumeclaim }} in Namespace {{ $labels.namespace }} {{ with $labels.cluster -}} on Cluster {{ . }} {{- end }} is only {{ $value | humanizePercentage }} free. | L63: ( kubelet_volume_stats_available_bytes{job="kubelet", namespace=~".*", metrics_path="/metrics"} / kubelet_volume_stats_capacity_bytes{job="kubelet", namespace=~".*", metrics_path="/metrics"} ) < 0.03 and kubelet_volume_stats_used_bytes{job="kubelet", namespace=~".*", metrics_path="/metrics"} > 0 unless on (cluster, namespace, persistentvolumeclaim) kube_persistentvolumeclaim_access_mode{ access_mode="ReadOnlyMany"} == 1 unless on (cluster, namespace, persistentvolumeclaim) kube_persistentvolumeclaim_labels{label_excluded_from_alerts="true"} == 1 | M63: https://runbooks.prometheus-operator.dev/runbooks/kubernetes/kubepersistentvolumefillingup | N63: ReadOnlyMany の PVC、および label excluded_from_alerts=true の PVC は除外。同名アラートが複数段階(severity 別)で定義されている。
A64: 63 | B64: kubernetes-storage | C64: ストレージ(PV/PVC) | D64: KubePersistentVolumeFillingUp | E64: warning | F64: PersistentVolume の空き容量(枯渇予測) | G64: 空き容量 / 総容量 が 15% 未満、かつ直近 6 時間の傾向から 4 日以内に空き容量が 0 になると線形予測 | H64: 1h(1時間) | J64: PersistentVolume is filling up. | K64: Based on recent sampling, the PersistentVolume claimed by {{ $labels.persistentvolumeclaim }} in Namespace {{ $labels.namespace }} {{ with $labels.cluster -}} on Cluster {{ . }} {{- end }} is expected to fill up within four days. Currently {{ $value | humanizePercentage }} is available. | L64: ( kubelet_volume_stats_available_bytes{job="kubelet", namespace=~".*", metrics_path="/metrics"} / kubelet_volume_stats_capacity_bytes{job="kubelet", namespace=~".*", metrics_path="/metrics"} ) < 0.15 and kubelet_volume_stats_used_bytes{job="kubelet", namespace=~".*", metrics_path="/metrics"} > 0 and predict_linear(kubelet_volume_stats_available_bytes{job="kubelet", namespace=~".*", metrics_path="/metrics"}[6h], 4 * 24 * 3600) < 0 unless on (cluster, namespace, persistentvolumeclaim) kube_persistentvolumeclaim_access_mode{ access_mode="ReadOnlyMany"} == 1 unless on (cluster, namespace, persistentvolumeclaim) kube_persistentvolumeclaim_labels{label_excluded_from_alerts="true"} == 1 | M64: https://runbooks.prometheus-operator.dev/runbooks/kubernetes/kubepersistentvolumefillingup | N64: ReadOnlyMany の PVC、および label excluded_from_alerts=true の PVC は除外。同名アラートが複数段階(severity 別)で定義されている。
A65: 64 | B65: kubernetes-storage | C65: ストレージ(PV/PVC) | D65: KubePersistentVolumeInodesFillingUp | E65: critical | F65: PersistentVolume の空き inode | G65: 空き inode / 総 inode が 3% 未満、かつ使用 inode > 0 | H65: 1m(1分) | J65: PersistentVolumeInodes are filling up. | K65: The PersistentVolume claimed by {{ $labels.persistentvolumeclaim }} in Namespace {{ $labels.namespace }} {{ with $labels.cluster -}} on Cluster {{ . }} {{- end }} only has {{ $value | humanizePercentage }} free inodes. | L65: ( kubelet_volume_stats_inodes_free{job="kubelet", namespace=~".*", metrics_path="/metrics"} / kubelet_volume_stats_inodes{job="kubelet", namespace=~".*", metrics_path="/metrics"} ) < 0.03 and kubelet_volume_stats_inodes_used{job="kubelet", namespace=~".*", metrics_path="/metrics"} > 0 unless on (cluster, namespace, persistentvolumeclaim) kube_persistentvolumeclaim_access_mode{ access_mode="ReadOnlyMany"} == 1 unless on (cluster, namespace, persistentvolumeclaim) kube_persistentvolumeclaim_labels{label_excluded_from_alerts="true"} == 1 | M65: https://runbooks.prometheus-operator.dev/runbooks/kubernetes/kubepersistentvolumeinodesfillingup | N65: ReadOnlyMany の PVC、および label excluded_from_alerts=true の PVC は除外。同名アラートが複数段階(severity 別)で定義されている。
A66: 65 | B66: kubernetes-storage | C66: ストレージ(PV/PVC) | D66: KubePersistentVolumeInodesFillingUp | E66: warning | F66: PersistentVolume の空き inode(枯渇予測) | G66: 空き inode / 総 inode が 15% 未満、かつ直近 6 時間の傾向から 4 日以内に空き inode が 0 になると線形予測 | H66: 1h(1時間) | J66: PersistentVolumeInodes are filling up. | K66: Based on recent sampling, the PersistentVolume claimed by {{ $labels.persistentvolumeclaim }} in Namespace {{ $labels.namespace }} {{ with $labels.cluster -}} on Cluster {{ . }} {{- end }} is expected to run out of inodes within four days. Currently {{ $value | humanizePercentage }} of its inodes are free. | L66: ( kubelet_volume_stats_inodes_free{job="kubelet", namespace=~".*", metrics_path="/metrics"} / kubelet_volume_stats_inodes{job="kubelet", namespace=~".*", metrics_path="/metrics"} ) < 0.15 and kubelet_volume_stats_inodes_used{job="kubelet", namespace=~".*", metrics_path="/metrics"} > 0 and predict_linear(kubelet_volume_stats_inodes_free{job="kubelet", namespace=~".*", metrics_path="/metrics"}[6h], 4 * 24 * 3600) < 0 unless on (cluster, namespace, persistentvolumeclaim) kube_persistentvolumeclaim_access_mode{ access_mode="ReadOnlyMany"} == 1 unless on (cluster, namespace, persistentvolumeclaim) kube_persistentvolumeclaim_labels{label_excluded_from_alerts="true"} == 1 | M66: https://runbooks.prometheus-operator.dev/runbooks/kubernetes/kubepersistentvolumeinodesfillingup | N66: ReadOnlyMany の PVC、および label excluded_from_alerts=true の PVC は除外。同名アラートが複数段階(severity 別)で定義されている。
A67: 66 | B67: kubernetes-storage | C67: ストレージ(PV/PVC) | D67: KubePersistentVolumeErrors | E67: critical | F67: PersistentVolume のプロビジョニング状態 | G67: phase が Failed または Pending の PV が存在 | H67: 5m(5分) | J67: PersistentVolume is having issues with provisioning. | K67: The persistent volume {{ $labels.persistentvolume }} {{ with $labels.cluster -}} on Cluster {{ . }} {{- end }} has status {{ $labels.phase }}. | L67: kube_persistentvolume_status_phase{phase=~"Failed|Pending",job="kube-state-metrics"} > 0 | M67: https://runbooks.prometheus-operator.dev/runbooks/kubernetes/kubepersistentvolumeerrors
A68: 67 | B68: kubernetes-system | C68: Kubernetes コンポーネント全般 | D68: KubeVersionMismatch | E68: warning | F68: Kubernetes コンポーネント間のバージョン整合性 | G68: クラスタ内で稼働する Kubernetes コンポーネントのマイナーバージョン(vX.Y)が 2 種類以上(kube-dns/coredns は除外) | H68: 15m(15分) | J68: Different semantic versions of Kubernetes components running. | K68: There are {{ $value }} different semantic versions of Kubernetes components running on cluster {{ $labels.cluster }}. | L68: count by (cluster) (count by (git_version, cluster) (label_replace(kubernetes_build_info{job!~"kube-dns|coredns"},"git_version","$1","git_version","(v[0-9]*.[0-9]*).*"))) > 1 | M68: https://runbooks.prometheus-operator.dev/runbooks/kubernetes/kubeversionmismatch
A69: 68 | B69: kubernetes-system | C69: Kubernetes コンポーネント全般 | D69: KubeClientErrors | E69: warning | F69: Kubernetes API クライアントのエラー率 | G69: 直近 5 分間の API リクエストのうち 5xx 応答の割合が 1% を超過 | H69: 15m(15分) | J69: Kubernetes API server client is experiencing errors. | K69: Kubernetes API server client '{{ $labels.job }}/{{ $labels.instance }}' is experiencing {{ $value | humanizePercentage }} errors on cluster {{ $labels.cluster }}. | L69: (sum(rate(rest_client_requests_total{job="apiserver",code=~"5.."}[5m])) by (cluster, instance, job, namespace) / sum(rate(rest_client_requests_total{job="apiserver"}[5m])) by (cluster, instance, job, namespace)) > 0.01 | M69: https://runbooks.prometheus-operator.dev/runbooks/kubernetes/kubeclienterrors
A70: 69 | B70: kubernetes-system-apiserver | C70: kube-apiserver | D70: KubeClientCertificateExpiration | E70: warning | F70: API サーバに接続するクライアント証明書の有効期限 | G70: クライアント証明書の残存有効期間(1 パーセンタイル)が 604800 秒(7 日)未満 | H70: 5m(5分) | J70: Client certificate is about to expire. | K70: A client certificate used to authenticate to kubernetes apiserver is expiring in less than 7.0 days on cluster {{ $labels.cluster }}. | L70: histogram_quantile(0.01, sum without (namespace, service, endpoint) (rate(apiserver_client_certificate_expiration_seconds_bucket{job="apiserver"}[5m]))) < 604800 and on (job, cluster, instance) apiserver_client_certificate_expiration_seconds_count{job="apiserver"} > 0 | M70: https://runbooks.prometheus-operator.dev/runbooks/kubernetes/kubeclientcertificateexpiration | N70: 同名アラートが複数段階(severity 別)で定義されている。
A71: 70 | B71: kubernetes-system-apiserver | C71: kube-apiserver | D71: KubeClientCertificateExpiration | E71: critical | F71: API サーバに接続するクライアント証明書の有効期限 | G71: クライアント証明書の残存有効期間(1 パーセンタイル)が 86400 秒(24 時間)未満 | H71: 5m(5分) | J71: Client certificate is about to expire. | K71: A client certificate used to authenticate to kubernetes apiserver is expiring in less than 24.0 hours on cluster {{ $labels.cluster }}. | L71: histogram_quantile(0.01, sum without (namespace, service, endpoint) (rate(apiserver_client_certificate_expiration_seconds_bucket{job="apiserver"}[5m]))) < 86400 and on (job, cluster, instance) apiserver_client_certificate_expiration_seconds_count{job="apiserver"} > 0 | M71: https://runbooks.prometheus-operator.dev/runbooks/kubernetes/kubeclientcertificateexpiration | N71: 同名アラートが複数段階(severity 別)で定義されている。
A72: 71 | B72: kubernetes-system-apiserver | C72: kube-apiserver | D72: KubeAggregatedAPIErrors | E72: warning | F72: Aggregated API(APIService)のエラー | G72: 直近 1 分間で APIService の unavailable 遷移回数の増分が 0 より大きい | H72: 10m(10分) | J72: Kubernetes aggregated API has reported errors. | K72: Kubernetes aggregated API {{ $labels.instance }}/{{ $labels.name }} has reported {{ $labels.reason }} errors on cluster {{ $labels.cluster }}. | L72: sum by (cluster, instance, name, reason)(increase(aggregator_unavailable_apiservice_total{job="apiserver"}[1m])) > 0 | M72: https://runbooks.prometheus-operator.dev/runbooks/kubernetes/kubeaggregatedapierrors
A73: 72 | B73: kubernetes-system-apiserver | C73: kube-apiserver | D73: KubeAggregatedAPIDown | E73: warning | F73: Aggregated API(APIService)の可用性 | G73: 直近 10 分間の APIService 可用率が 85% 未満 | H73: 5m(5分) | J73: Kubernetes aggregated API is down. | K73: Kubernetes aggregated API {{ $labels.name }}/{{ $labels.namespace }} has been only {{ $value | humanize }}% available over the last 10m on cluster {{ $labels.cluster }}. | L73: (1 - max by (name, namespace, cluster)(avg_over_time(aggregator_unavailable_apiservice{job="apiserver"}[10m]))) * 100 < 85 | M73: https://runbooks.prometheus-operator.dev/runbooks/kubernetes/kubeaggregatedapidown
A74: 73 | B74: kubernetes-system-apiserver | C74: kube-apiserver | D74: KubeAPIDown | E74: critical | F74: kube-apiserver のスクレイプ対象存在 | G74: job=apiserver の up メトリクスが存在しない(全インスタンスがターゲット検出から消失) | H74: 15m(15分) | J74: Target disappeared from Prometheus target discovery. | K74: KubeAPI has disappeared from Prometheus target discovery. | L74: absent(up{job="apiserver"}) | M74: https://runbooks.prometheus-operator.dev/runbooks/kubernetes/kubeapidown
A75: 74 | B75: kubernetes-system-apiserver | C75: kube-apiserver | D75: KubeAPIInstanceUnreachable | E75: warning | F75: kube-apiserver 個別インスタンスの到達性 | G75: up{job=apiserver} == 0(特定インスタンスがスクレイプ不可) | H75: 15m(15分) | J75: KubeAPI instance is unreachable. | K75: A KubeAPI instance has been unreachable for more than 15 minutes. | L75: up{job="apiserver"} == 0 | M75: https://runbooks.prometheus-operator.dev/runbooks/kubernetes/kubeapiinstanceunreachable
A76: 75 | B76: kubernetes-system-apiserver | C76: kube-apiserver | D76: KubeAPITerminatedRequests | E76: warning | F76: kube-apiserver のリクエスト強制終了率 | G76: 直近 10 分間で強制終了(terminated)されたリクエストの割合が 20% を超過(過負荷保護 APF による切断等) | H76: 5m(5分) | J76: The kubernetes apiserver has terminated {{ $value | humanizePercentage }} of its incoming requests. | K76: The kubernetes apiserver has terminated {{ $value | humanizePercentage }} of its incoming requests on cluster {{ $labels.cluster }}. | L76: sum by (cluster) (rate(apiserver_request_terminations_total{job="apiserver"}[10m])) / ( sum by (cluster) (rate(apiserver_request_total{job="apiserver"}[10m])) + sum by (cluster) (rate(apiserver_request_terminations_total{job="apiserver"}[10m])) ) > 0.20 | M76: https://runbooks.prometheus-operator.dev/runbooks/kubernetes/kubeapiterminatedrequests
A77: 76 | B77: kubernetes-system-controller-manager | C77: kube-controller-manager | D77: KubeControllerManagerDown | E77: critical | F77: kube-controller-manager のスクレイプ対象存在 | G77: job=kube-controller-manager の up メトリクスが存在しない | H77: 15m(15分) | J77: Target disappeared from Prometheus target discovery. | K77: KubeControllerManager has disappeared from Prometheus target discovery. | L77: absent(up{job="kube-controller-manager"}) | M77: https://runbooks.prometheus-operator.dev/runbooks/kubernetes/kubecontrollermanagerdown
A78: 77 | B78: kubernetes-system-controller-manager | C78: kube-controller-manager | D78: KubeControllerManagerInstanceUnreachable | E78: warning | F78: kube-controller-manager 個別インスタンスの到達性 | G78: up{job=kube-controller-manager} == 0 | H78: 15m(15分) | J78: KubeControllerManager instance is unreachable. | K78: A KubeControllerManager instance has been unreachable for more than 15 minutes. | L78: up{job="kube-controller-manager"} == 0 | M78: https://runbooks.prometheus-operator.dev/runbooks/kubernetes/kubecontrollermanagerinstanceunreachable
A79: 78 | B79: kubernetes-system-kube-proxy | C79: kube-proxy | D79: KubeProxyDown | E79: critical | F79: kube-proxy のスクレイプ対象存在 | G79: job=kube-proxy の up メトリクスが存在しない | H79: 15m(15分) | J79: Target disappeared from Prometheus target discovery. | K79: KubeProxy has disappeared from Prometheus target discovery. | L79: absent(up{job="kube-proxy"}) | M79: https://runbooks.prometheus-operator.dev/runbooks/kubernetes/kubeproxydown
A80: 79 | B80: kubernetes-system-kube-proxy | C80: kube-proxy | D80: KubeProxyInstanceUnreachable | E80: warning | F80: kube-proxy 個別インスタンスの到達性 | G80: up{job=kube-proxy} == 0 | H80: 15m(15分) | J80: KubeProxy instance is unreachable. | K80: A KubeProxy instance has been unreachable for more than 15 minutes. | L80: up{job="kube-proxy"} == 0 | M80: https://runbooks.prometheus-operator.dev/runbooks/kubernetes/kubeproxyinstanceunreachable
A81: 80 | B81: kubernetes-system-kubelet | C81: kubelet / ノード状態 | D81: KubeNodeNotReady | E81: warning | F81: ノードの Ready 状態 | G81: Ready 条件が true でない(NotReady)、かつ unschedulable(cordon)されていないノード | H81: 15m(15分) | J81: Node is not ready. | K81: {{ $labels.node }} has been unready for more than 15 minutes on cluster {{ $labels.cluster }}. | L81: kube_node_status_condition{job="kube-state-metrics",condition="Ready",status="true"} == 0 and on (cluster, node) kube_node_spec_unschedulable{job="kube-state-metrics"} == 0 | M81: https://runbooks.prometheus-operator.dev/runbooks/kubernetes/kubenodenotready
A82: 81 | B82: kubernetes-system-kubelet | C82: kubelet / ノード状態 | D82: KubeNodePressure | E82: info | F82: ノードのリソース圧迫(Pressure)状態 | G82: MemoryPressure / DiskPressure / PIDPressure のいずれかが true、かつ cordon されていないノード | H82: 10m(10分) | J82: Node has as active Condition. | K82: {{ $labels.node }} on cluster {{ $labels.cluster }} has active Condition {{ $labels.condition }}. This is caused by resource usage exceeding eviction thresholds. | L82: kube_node_status_condition{job="kube-state-metrics",condition=~"(MemoryPressure|DiskPressure|PIDPressure)",status="true"} == 1 and on (cluster, node) kube_node_spec_unschedulable{job="kube-state-metrics"} == 0 | M82: https://runbooks.prometheus-operator.dev/runbooks/kubernetes/kubenodepressure
A83: 82 | B83: kubernetes-system-kubelet | C83: kubelet / ノード状態 | D83: KubeNodeUnreachable | E83: warning | F83: ノードの到達性(unreachable taint) | G83: node.kubernetes.io/unreachable:NoSchedule taint が付与されている(Cluster Autoscaler やスポット終了による削除予定ノードは除外) | H83: 15m(15分) | J83: Node is unreachable. | K83: {{ $labels.node }} is unreachable and some workloads may be rescheduled on cluster {{ $labels.cluster }}. | L83: (kube_node_spec_taint{job="kube-state-metrics",key="node.kubernetes.io/unreachable",effect="NoSchedule"} unless ignoring(key,value) kube_node_spec_taint{job="kube-state-metrics",key=~"ToBeDeletedByClusterAutoscaler|cloud.google.com/impending-node-termination|aws-node-termination-handler/spot-itn"}) == 1 | M83: https://runbooks.prometheus-operator.dev/runbooks/kubernetes/kubenodeunreachable
... A85: 84 | B85: kubernetes-system-kubelet | C85: kubelet / ノード状態 | D85: KubeNodeReadinessFlapping | E85: warning | F85: ノード Ready 状態のフラッピング | G85: 直近 15 分間で Ready 条件の変化回数が 2 回を超過、かつ cordon されていないノード | H85: 15m(15分) | J85: Node readiness status is flapping. | K85: The readiness status of node {{ $labels.node }} has changed {{ $value }} times in the last 15 minutes on cluster {{ $labels.cluster }}. | L85: sum(changes(kube_node_status_condition{job="kube-state-metrics",status="true",condition="Ready"}[15m])) by (cluster, node) > 2 and on (cluster, node) kube_node_spec_unschedulable{job="kube-state-metrics"} == 0 | M85: https://runbooks.prometheus-operator.dev/runbooks/kubernetes/kubenodereadinessflapping
A86: 85 | B86: kubernetes-system-kubelet | C86: kubelet / ノード状態 | D86: KubeNodeEviction | E86: info | F86: ノードによる Pod の evict(退避) | G86: 直近 15 分間の evict 発生レートが 0 より大きい(eviction_signal 別) | H86: 0s(即時) | J86: Node is evicting pods. | K86: Node {{ $labels.node }} on {{ $labels.cluster }} is evicting Pods due to {{ $labels.eviction_signal }}. Eviction occurs when eviction thresholds are crossed, typically caused by Pods exceeding RAM/ephemeral-storage limits. | L86: sum(rate(kubelet_evictions{job="kubelet", metrics_path="/metrics"}[15m])) by (cluster, eviction_signal, instance) * on (cluster, instance) group_left(node) max by (cluster, instance, node) ( kubelet_node_name{job="kubelet", metrics_path="/metrics"} ) > 0 | M86: https://runbooks.prometheus-operator.dev/runbooks/kubernetes/kubenodeeviction | N86: for: 0s のため即時発報。
A87: 86 | B87: kubernetes-system-kubelet | C87: kubelet / ノード状態 | D87: KubeletPlegDurationHigh | E87: warning | F87: kubelet PLEG(Pod Lifecycle Event Generator)の relist 時間 | G87: PLEG relist 時間の 99 パーセンタイルが 10 秒以上 | H87: 5m(5分) | J87: Kubelet Pod Lifecycle Event Generator is taking too long to relist. | K87: The Kubelet Pod Lifecycle Event Generator has a 99th percentile duration of {{ $value }} seconds on node {{ $labels.node }} on cluster {{ $labels.cluster }}. | L87: node_quantile:kubelet_pleg_relist_duration_seconds:histogram_quantile{quantile="0.99"} >= 10 | M87: https://runbooks.prometheus-operator.dev/runbooks/kubernetes/kubeletplegdurationhigh
A88: 87 | B88: kubernetes-system-kubelet | C88: kubelet / ノード状態 | D88: KubeletPodStartUpLatencyHigh | E88: warning | F88: kubelet の Pod 起動レイテンシ | G88: 直近 5 分間の Pod worker 処理時間の 99 パーセンタイルが 60 秒を超過 | H88: 15m(15分) | J88: Kubelet Pod startup latency is too high. | K88: Kubelet Pod startup 99th percentile latency is {{ $value }} seconds on node {{ $labels.node }} on cluster {{ $labels.cluster }}. | L88: histogram_quantile(0.99, sum by (cluster, instance, le) ( topk by (cluster, instance, le, operation_type) (1, rate(kubelet_pod_worker_duration_seconds_bucket{job="kubelet", metrics_path="/metrics"}[5m]) ) ) ) * on (cluster, instance) group_left(node) topk by (cluster, instance, node) (1, kubelet_node_name{job="kubelet", metrics_path="/metrics"} ) > 60 | M88: https://runbooks.prometheus-operator.dev/runbooks/kubernetes/kubeletpodstartuplatencyhigh
A89: 88 | B89: kubernetes-system-kubelet | C89: kubelet / ノード状態 | D89: KubeletClientCertificateExpiration | E89: warning | F89: kubelet クライアント証明書の有効期限 | G89: 残存有効期間が 604800 秒(7 日)未満 | H89: 即時(for 未設定) | J89: Kubelet client certificate is about to expire. | K89: Client certificate for Kubelet on node {{ $labels.node }} expires in {{ $value | humanizeDuration }} on cluster {{ $labels.cluster }}. | L89: kubelet_certificate_manager_client_ttl_seconds < 604800 | M89: https://runbooks.prometheus-operator.dev/runbooks/kubernetes/kubeletclientcertificateexpiration | N89: for 未設定のため条件成立と同時に発報する。同名アラートが複数段階(severity 別)で定義されている。
A90: 89 | B90: kubernetes-system-kubelet | C90: kubelet / ノード状態 | D90: KubeletClientCertificateExpiration | E90: critical | F90: kubelet クライアント証明書の有効期限 | G90: 残存有効期間が 86400 秒(24 時間)未満 | H90: 即時(for 未設定) | J90: Kubelet client certificate is about to expire. | K90: Client certificate for Kubelet on node {{ $labels.node }} expires in {{ $value | humanizeDuration }} on cluster {{ $labels.cluster }}. | L90: kubelet_certificate_manager_client_ttl_seconds < 86400 | M90: https://runbooks.prometheus-operator.dev/runbooks/kubernetes/kubeletclientcertificateexpiration | N90: for 未設定のため条件成立と同時に発報する。同名アラートが複数段階(severity 別)で定義されている。
A91: 90 | B91: kubernetes-system-kubelet | C91: kubelet / ノード状態 | D91: KubeletServerCertificateExpiration | E91: warning | F91: kubelet サーバ証明書の有効期限 | G91: 残存有効期間が 604800 秒(7 日)未満 | H91: 即時(for 未設定) | J91: Kubelet server certificate is about to expire. | K91: Server certificate for Kubelet on node {{ $labels.node }} expires in {{ $value | humanizeDuration }} on cluster {{ $labels.cluster }}. | L91: kubelet_certificate_manager_server_ttl_seconds < 604800 | M91: https://runbooks.prometheus-operator.dev/runbooks/kubernetes/kubeletservercertificateexpiration | N91: for 未設定のため条件成立と同時に発報する。同名アラートが複数段階(severity 別)で定義されている。
A92: 91 | B92: kubernetes-system-kubelet | C92: kubelet / ノード状態 | D92: KubeletServerCertificateExpiration | E92: critical | F92: kubelet サーバ証明書の有効期限 | G92: 残存有効期間が 86400 秒(24 時間)未満 | H92: 即時(for 未設定) | J92: Kubelet server certificate is about to expire. | K92: Server certificate for Kubelet on node {{ $labels.node }} expires in {{ $value | humanizeDuration }} on cluster {{ $labels.cluster }}. | L92: kubelet_certificate_manager_server_ttl_seconds < 86400 | M92: https://runbooks.prometheus-operator.dev/runbooks/kubernetes/kubeletservercertificateexpiration | N92: for 未設定のため条件成立と同時に発報する。同名アラートが複数段階(severity 別)で定義されている。
A93: 92 | B93: kubernetes-system-kubelet | C93: kubelet / ノード状態 | D93: KubeletClientCertificateRenewalErrors | E93: warning | F93: kubelet クライアント証明書の更新失敗 | G93: 直近 5 分間で証明書更新エラーの増分が 0 より大きい | H93: 15m(15分) | J93: Kubelet has failed to renew its client certificate. | K93: Kubelet on node {{ $labels.node }} has failed to renew its client certificate ({{ $value | humanize }} errors in the last 5 minutes) on cluster {{ $labels.cluster }}. | L93: increase(kubelet_certificate_manager_client_expiration_renew_errors[5m]) > 0 | M93: https://runbooks.prometheus-operator.dev/runbooks/kubernetes/kubeletclientcertificaterenewalerrors
A94: 93 | B94: kubernetes-system-kubelet | C94: kubelet / ノード状態 | D94: KubeletServerCertificateRenewalErrors | E94: warning | F94: kubelet サーバ証明書の更新失敗 | G94: 直近 5 分間で証明書更新エラーの増分が 0 より大きい | H94: 15m(15分) | J94: Kubelet has failed to renew its server certificate. | K94: Kubelet on node {{ $labels.node }} has failed to renew its server certificate ({{ $value | humanize }} errors in the last 5 minutes) on cluster {{ $labels.cluster }}. | L94: increase(kubelet_server_expiration_renew_errors[5m]) > 0 | M94: https://runbooks.prometheus-operator.dev/runbooks/kubernetes/kubeletservercertificaterenewalerrors
A95: 94 | B95: kubernetes-system-kubelet | C95: kubelet / ノード状態 | D95: KubeletInstanceUnreachable | E95: warning | F95: kubelet 個別インスタンスの到達性 | G95: up{job=kubelet} == 0 | H95: 15m(15分) | J95: Kubelet instance is unreachable. | K95: A Kubelet instance has been unreachable for more than 15 minutes. | L95: up{job="kubelet", metrics_path="/metrics"} == 0 | M95: https://runbooks.prometheus-operator.dev/runbooks/kubernetes/kubeletinstanceunreachable
A96: 95 | B96: kubernetes-system-kubelet | C96: kubelet / ノード状態 | D96: KubeletDown | E96: critical | F96: kubelet のスクレイプ対象存在 | G96: ノードが存在する(kube_node_info)のに、up == 1 の kubelet ターゲットが 1 つも無い | H96: 15m(15分) | J96: Target disappeared from Prometheus target discovery. | K96: Kubelet has disappeared from Prometheus target discovery on cluster {{ $labels.cluster }}. | L96: count by (cluster) (kube_node_info{job="kube-state-metrics"}) unless on (cluster) count by (cluster) (up{job="kubelet", metrics_path="/metrics"} == 1) | M96: https://runbooks.prometheus-operator.dev/runbooks/kubernetes/kubeletdown
A97: 96 | B97: kubernetes-system-scheduler | C97: kube-scheduler | D97: KubeSchedulerDown | E97: critical | F97: kube-scheduler のスクレイプ対象存在 | G97: job=kube-scheduler の up メトリクスが存在しない | H97: 15m(15分) | J97: Target disappeared from Prometheus target discovery. | K97: KubeScheduler has disappeared from Prometheus target discovery. | L97: absent(up{job="kube-scheduler"}) | M97: https://runbooks.prometheus-operator.dev/runbooks/kubernetes/kubeschedulerdown
A98: 97 | B98: kubernetes-system-scheduler | C98: kube-scheduler | D98: KubeSchedulerInstanceUnreachable | E98: warning | F98: kube-scheduler 個別インスタンスの到達性 | G98: up{job=kube-scheduler} == 0 | H98: 15m(15分) | J98: KubeScheduler instance is unreachable. | K98: A KubeScheduler instance has been unreachable for more than 15 minutes. | L98: up{job="kube-scheduler"} == 0 | M98: https://runbooks.prometheus-operator.dev/runbooks/kubernetes/kubeschedulerinstanceunreachable
A99: 98 | B99: node-exporter | C99: ノード(OS/ハードウェア) | D99: NodeFilesystemSpaceFillingUp | E99: warning | F99: ノード ファイルシステムの空き容量(枯渇予測) | G99: 空き容量が 15% 未満、かつ直近 6 時間の傾向から 24 時間以内に空き容量が 0 になると線形予測 | H99: 1h(1時間) | J99: Filesystem is predicted to run out of space within the next 24 hours. | K99: Filesystem on {{ $labels.device }}, mounted on {{ $labels.mountpoint }}, at {{ $labels.instance }} has only {{ printf "%.2f" $value }}% available space left and is filling up. | L99: ( node_filesystem_avail_bytes{job="node-exporter",fstype!="",mountpoint!=""} / node_filesystem_size_bytes{job="node-exporter",fstype!="",mountpoint!=""} * 100 < 15 and predict_linear(node_filesystem_avail_bytes{job="node-exporter",fstype!="",mountpoint!=""}[6h], 24*60*60) < 0 and node_filesystem_readonly{job="node-exporter",fstype!="",mountpoint!=""} == 0 ) | M99: https://runbooks.prometheus-operator.dev/runbooks/node/nodefilesystemspacefillingup | N99: 読み取り専用でマウントされたファイルシステムは除外。同名アラートが複数段階(severity 別)で定義されている。
A100: 99 | B100: node-exporter | C100: ノード(OS/ハードウェア) | D100: NodeFilesystemSpaceFillingUp | E100: critical | F100: ノード ファイルシステムの空き容量(枯渇予測) | G100: 空き容量が 10% 未満、かつ直近 6 時間の傾向から 4 時間以内に空き容量が 0 になると線形予測 | H100: 1h(1時間) | J100: Filesystem is predicted to run out of space within the next 4 hours. | K100: Filesystem on {{ $labels.device }}, mounted on {{ $labels.mountpoint }}, at {{ $labels.instance }} has only {{ printf "%.2f" $value }}% available space left and is filling up fast. | L100: ( node_filesystem_avail_bytes{job="node-exporter",fstype!="",mountpoint!=""} / node_filesystem_size_bytes{job="node-exporter",fstype!="",mountpoint!=""} * 100 < 10 and predict_linear(node_filesystem_avail_bytes{job="node-exporter",fstype!="",mountpoint!=""}[6h], 4*60*60) < 0 and node_filesystem_readonly{job="node-exporter",fstype!="",mountpoint!=""} == 0 ) | M100: https://runbooks.prometheus-operator.dev/runbooks/node/nodefilesystemspacefillingup | N100: 読み取り専用でマウントされたファイルシステムは除外。同名アラートが複数段階(severity 別)で定義されている。
A101: 100 | B101: node-exporter | C101: ノード(OS/ハードウェア) | D101: NodeFilesystemAlmostOutOfSpace | E101: warning | F101: ノード ファイルシステムの空き容量 | G101: 空き容量が 5% 未満 | H101: 30m(30分) | J101: Filesystem has less than 5% space left. | K101: Filesystem on {{ $labels.device }}, mounted on {{ $labels.mountpoint }}, at {{ $labels.instance }} has only {{ printf "%.2f" $value }}% available space left. | L101: ( node_filesystem_avail_bytes{job="node-exporter",fstype!="",mountpoint!=""} / node_filesystem_size_bytes{job="node-exporter",fstype!="",mountpoint!=""} * 100 < 5 and node_filesystem_readonly{job="node-exporter",fstype!="",mountpoint!=""} == 0 ) | M101: https://runbooks.prometheus-operator.dev/runbooks/node/nodefilesystemalmostoutofspace | N101: 読み取り専用でマウントされたファイルシステムは除外。同名アラートが複数段階(severity 別)で定義されている。
A102: 101 | B102: node-exporter | C102: ノード(OS/ハードウェア) | D102: NodeFilesystemAlmostOutOfSpace | E102: critical | F102: ノード ファイルシステムの空き容量 | G102: 空き容量が 3% 未満 | H102: 30m(30分) | J102: Filesystem has less than 3% space left. | K102: Filesystem on {{ $labels.device }}, mounted on {{ $labels.mountpoint }}, at {{ $labels.instance }} has only {{ printf "%.2f" $value }}% available space left. | L102: ( node_filesystem_avail_bytes{job="node-exporter",fstype!="",mountpoint!=""} / node_filesystem_size_bytes{job="node-exporter",fstype!="",mountpoint!=""} * 100 < 3 and node_filesystem_readonly{job="node-exporter",fstype!="",mountpoint!=""} == 0 ) | M102: https://runbooks.prometheus-operator.dev/runbooks/node/nodefilesystemalmostoutofspace | N102: 読み取り専用でマウントされたファイルシステムは除外。同名アラートが複数段階(severity 別)で定義されている。
A103: 102 | B103: node-exporter | C103: ノード(OS/ハードウェア) | D103: NodeFilesystemFilesFillingUp | E103: warning | F103: ノード ファイルシステムの空き inode(枯渇予測) | G103: 空き inode が 40% 未満、かつ直近 6 時間の傾向から 24 時間以内に空き inode が 0 になると線形予測 | H103: 1h(1時間) | J103: Filesystem is predicted to run out of inodes within the next 24 hours. | K103: Filesystem on {{ $labels.device }}, mounted on {{ $labels.mountpoint }}, at {{ $labels.instance }} has only {{ printf "%.2f" $value }}% available inodes left and is filling up. | L103: ( node_filesystem_files_free{job="node-exporter",fstype!="",mountpoint!=""} / node_filesystem_files{job="node-exporter",fstype!="",mountpoint!=""} * 100 < 40 and predict_linear(node_filesystem_files_free{job="node-exporter",fstype!="",mountpoint!=""}[6h], 24*60*60) < 0 and node_filesystem_readonly{job="node-exporter",fstype!="",mountpoint!=""} == 0 ) | M103: https://runbooks.prometheus-operator.dev/runbooks/node/nodefilesystemfilesfillingup | N103: 読み取り専用でマウントされたファイルシステムは除外。同名アラートが複数段階(severity 別)で定義されている。
A104: 103 | B104: node-exporter | C104: ノード(OS/ハードウェア) | D104: NodeFilesystemFilesFillingUp | E104: critical | F104: ノード ファイルシステムの空き inode(枯渇予測) | G104: 空き inode が 20% 未満、かつ直近 6 時間の傾向から 4 時間以内に空き inode が 0 になると線形予測 | H104: 1h(1時間) | J104: Filesystem is predicted to run out of inodes within the next 4 hours. | K104: Filesystem on {{ $labels.device }}, mounted on {{ $labels.mountpoint }}, at {{ $labels.instance }} has only {{ printf "%.2f" $value }}% available inodes left and is filling up fast. | L104: ( node_filesystem_files_free{job="node-exporter",fstype!="",mountpoint!=""} / node_filesystem_files{job="node-exporter",fstype!="",mountpoint!=""} * 100 < 20 and predict_linear(node_filesystem_files_free{job="node-exporter",fstype!="",mountpoint!=""}[6h], 4*60*60) < 0 and node_filesystem_readonly{job="node-exporter",fstype!="",mountpoint!=""} == 0 ) | M104: https://runbooks.prometheus-operator.dev/runbooks/node/nodefilesystemfilesfillingup | N104: 読み取り専用でマウントされたファイルシステムは除外。同名アラートが複数段階(severity 別)で定義されている。
...

Sheet サマリ
A1: 監視項目サマリ(「監視項目一覧」シートから数式で集計)
A3: 重要度 (severity) | B3: 件数
A4: critical | B4: =COUNTIF('監視項目一覧'!$E$2:$E$156,"critical")
A5: warning | B5: =COUNTIF('監視項目一覧'!$E$2:$E$156,"warning")
A6: info | B6: =COUNTIF('監視項目一覧'!$E$2:$E$156,"info")
A7: none | B7: =COUNTIF('監視項目一覧'!$E$2:$E$156,"none")
A8: 合計 | B8: =SUM(B4:B7)
A11: カテゴリ(ルールグループ) | B11: critical | C11: warning | D11: info | E11: none | F11: 合計
A12: alertmanager.rules | B12: =COUNTIFS('監視項目一覧'!$B$2:$B$156,$A12,'監視項目一覧'!$E$2:$E$156,"critical") | C12: =COUNTIFS('監視項目一覧'!$B$2:$B$156,$A12,'監視項目一覧'!$E$2:$E$156,"warning") | D12: =COUNTIFS('監視項目一覧'!$B$2:$B$156,$A12,'監視項目一覧'!$E$2:$E$156,"info") | E12: =COUNTIFS('監視項目一覧'!$B$2:$B$156,$A12,'監視項目一覧'!$E$2:$E$156,"none") | F12: =SUM(B12:E12)
A13: config-reloaders | B13: =COUNTIFS('監視項目一覧'!$B$2:$B$156,$A13,'監視項目一覧'!$E$2:$E$156,"critical") | C13: =COUNTIFS('監視項目一覧'!$B$2:$B$156,$A13,'監視項目一覧'!$E$2:$E$156,"warning") | D13: =COUNTIFS('監視項目一覧'!$B$2:$B$156,$A13,'監視項目一覧'!$E$2:$E$156,"info") | E13: =COUNTIFS('監視項目一覧'!$B$2:$B$156,$A13,'監視項目一覧'!$E$2:$E$156,"none") | F13: =SUM(B13:E13)
A14: etcd | B14: =COUNTIFS('監視項目一覧'!$B$2:$B$156,$A14,'監視項目一覧'!$E$2:$E$156,"critical") | C14: =COUNTIFS('監視項目一覧'!$B$2:$B$156,$A14,'監視項目一覧'!$E$2:$E$156,"warning") | D14: =COUNTIFS('監視項目一覧'!$B$2:$B$156,$A14,'監視項目一覧'!$E$2:$E$156,"info") | E14: =COUNTIFS('監視項目一覧'!$B$2:$B$156,$A14,'監視項目一覧'!$E$2:$E$156,"none") | F14: =SUM(B14:E14)
A15: general.rules | B15: =COUNTIFS('監視項目一覧'!$B$2:$B$156,$A15,'監視項目一覧'!$E$2:$E$156,"critical") | C15: =COUNTIFS('監視項目一覧'!$B$2:$B$156,$A15,'監視項目一覧'!$E$2:$E$156,"warning") | D15: =COUNTIFS('監視項目一覧'!$B$2:$B$156,$A15,'監視項目一覧'!$E$2:$E$156,"info") | E15: =COUNTIFS('監視項目一覧'!$B$2:$B$156,$A15,'監視項目一覧'!$E$2:$E$156,"none") | F15: =SUM(B15:E15)
A16: kube-apiserver-slos | B16: =COUNTIFS('監視項目一覧'!$B$2:$B$156,$A16,'監視項目一覧'!$E$2:$E$156,"critical") | C16: =COUNTIFS('監視項目一覧'!$B$2:$B$156,$A16,'監視項目一覧'!$E$2:$E$156,"warning") | D16: =COUNTIFS('監視項目一覧'!$B$2:$B$156,$A16,'監視項目一覧'!$E$2:$E$156,"info") | E16: =COUNTIFS('監視項目一覧'!$B$2:$B$156,$A16,'監視項目一覧'!$E$2:$E$156,"none") | F16: =SUM(B16:E16)
A17: kube-state-metrics | B17: =COUNTIFS('監視項目一覧'!$B$2:$B$156,$A17,'監視項目一覧'!$E$2:$E$156,"critical") | C17: =COUNTIFS('監視項目一覧'!$B$2:$B$156,$A17,'監視項目一覧'!$E$2:$E$156,"warning") | D17: =COUNTIFS('監視項目一覧'!$B$2:$B$156,$A17,'監視項目一覧'!$E$2:$E$156,"info") | E17: =COUNTIFS('監視項目一覧'!$B$2:$B$156,$A17,'監視項目一覧'!$E$2:$E$156,"none") | F17: =SUM(B17:E17)
A18: kubernetes-apps | B18: =COUNTIFS('監視項目一覧'!$B$2:$B$156,$A18,'監視項目一覧'!$E$2:$E$156,"critical") | C18: =COUNTIFS('監視項目一覧'!$B$2:$B$156,$A18,'監視項目一覧'!$E$2:$E$156,"warning") | D18: =COUNTIFS('監視項目一覧'!$B$2:$B$156,$A18,'監視項目一覧'!$E$2:$E$156,"info") | E18: =COUNTIFS('監視項目一覧'!$B$2:$B$156,$A18,'監視項目一覧'!$E$2:$E$156,"none") | F18: =SUM(B18:E18)
A19: kubernetes-resources | B19: =COUNTIFS('監視項目一覧'!$B$2:$B$156,$A19,'監視項目一覧'!$E$2:$E$156,"critical") | C19: =COUNTIFS('監視項目一覧'!$B$2:$B$156,$A19,'監視項目一覧'!$E$2:$E$156,"warning") | D19: =COUNTIFS('監視項目一覧'!$B$2:$B$156,$A19,'監視項目一覧'!$E$2:$E$156,"info") | E19: =COUNTIFS('監視項目一覧'!$B$2:$B$156,$A19,'監視項目一覧'!$E$2:$E$156,"none") | F19: =SUM(B19:E19)
A20: kubernetes-storage | B20: =COUNTIFS('監視項目一覧'!$B$2:$B$156,$A20,'監視項目一覧'!$E$2:$E$156,"critical") | C20: =COUNTIFS('監視項目一覧'!$B$2:$B$156,$A20,'監視項目一覧'!$E$2:$E$156,"warning") | D20: =COUNTIFS('監視項目一覧'!$B$2:$B$156,$A20,'監視項目一覧'!$E$2:$E$156,"info") | E20: =COUNTIFS('監視項目一覧'!$B$2:$B$156,$A20,'監視項目一覧'!$E$2:$E$156,"none") | F20: =SUM(B20:E20)
A21: kubernetes-system | B21: =COUNTIFS('監視項目一覧'!$B$2:$B$156,$A21,'監視項目一覧'!$E$2:$E$156,"critical") | C21: =COUNTIFS('監視項目一覧'!$B$2:$B$156,$A21,'監視項目一覧'!$E$2:$E$156,"warning") | D21: =COUNTIFS('監視項目一覧'!$B$2:$B$156,$A21,'監視項目一覧'!$E$2:$E$156,"info") | E21: =COUNTIFS('監視項目一覧'!$B$2:$B$156,$A21,'監視項目一覧'!$E$2:$E$156,"none") | F21: =SUM(B21:E21)
A22: kubernetes-system-apiserver | B22: =COUNTIFS('監視項目一覧'!$B$2:$B$156,$A22,'監視項目一覧'!$E$2:$E$156,"critical") | C22: =COUNTIFS('監視項目一覧'!$B$2:$B$156,$A22,'監視項目一覧'!$E$2:$E$156,"warning") | D22: =COUNTIFS('監視項目一覧'!$B$2:$B$156,$A22,'監視項目一覧'!$E$2:$E$156,"info") | E22: =COUNTIFS('監視項目一覧'!$B$2:$B$156,$A22,'監視項目一覧'!$E$2:$E$156,"none") | F22: =SUM(B22:E22)
A23: kubernetes-system-controller-manager | B23: =COUNTIFS('監視項目一覧'!$B$2:$B$156,$A23,'監視項目一覧'!$E$2:$E$156,"critical") | C23: =COUNTIFS('監視項目一覧'!$B$2:$B$156,$A23,'監視項目一覧'!$E$2:$E$156,"warning") | D23: =COUNTIFS('監視項目一覧'!$B$2:$B$156,$A23,'監視項目一覧'!$E$2:$E$156,"info") | E23: =COUNTIFS('監視項目一覧'!$B$2:$B$156,$A23,'監視項目一覧'!$E$2:$E$156,"none") | F23: =SUM(B23:E23)
... A30: prometheus-operator | B30: =COUNTIFS('監視項目一覧'!$B$2:$B$156,$A30,'監視項目一覧'!$E$2:$E$156,"critical") | C30: =COUNTIFS('監視項目一覧'!$B$2:$B$156,$A30,'監視項目一覧'!$E$2:$E$156,"warning") | D30: =COUNTIFS('監視項目一覧'!$B$2:$B$156,$A30,'監視項目一覧'!$E$2:$E$156,"info") | E30: =COUNTIFS('監視項目一覧'!$B$2:$B$156,$A30,'監視項目一覧'!$E$2:$E$156,"none") | F30: =SUM(B30:E30)
A31: 合計 | B31: =SUM(B12:B30) | C31: =SUM(C12:C30) | D31: =SUM(D12:D30) | E31: =SUM(E12:E30) | F31: =SUM(F12:F30)
A34: 継続時間 (for) | B34: 件数
A35: 即時(for 未設定) | B35: =COUNTIF('監視項目一覧'!$H$2:$H$156,"即時(for 未設定)")
A36: 0s(即時) | B36: =COUNTIF('監視項目一覧'!$H$2:$H$156,"0s(即時)")
A37: 1m(1分) | B37: =COUNTIF('監視項目一覧'!$H$2:$H$156,"1m(1分)")
A38: 2m(2分) | B38: =COUNTIF('監視項目一覧'!$H$2:$H$156,"2m(2分)")
A39: 3m(3分) | B39: =COUNTIF('監視項目一覧'!$H$2:$H$156,"3m(3分)")
A40: 5m(5分) | B40: =COUNTIF('監視項目一覧'!$H$2:$H$156,"5m(5分)")
A41: 10m(10分) | B41: =COUNTIF('監視項目一覧'!$H$2:$H$156,"10m(10分)")
A42: 15m(15分) | B42: =COUNTIF('監視項目一覧'!$H$2:$H$156,"15m(15分)")
A43: 20m(20分) | B43: =COUNTIF('監視項目一覧'!$H$2:$H$156,"20m(20分)")
A44: 30m(30分) | B44: =COUNTIF('監視項目一覧'!$H$2:$H$156,"30m(30分)")
A45: 1h(1時間) | B45: =COUNTIF('監視項目一覧'!$H$2:$H$156,"1h(1時間)")
A46: 3h(3時間) | B46: =COUNTIF('監視項目一覧'!$H$2:$H$156,"3h(3時間)")
A47: 4h(4時間) | B47: =COUNTIF('監視項目一覧'!$H$2:$H$156,"4h(4時間)")
A48: 合計 | B48: =SUM(B35:B47)

Sheet 凡例・前提
A1: 1. 出典・生成情報
A2: 入力ファイル | B2: kubectl get prometheusrules -n monitoring -o yaml の出力(docs/source/alert_definition.yaml)
A3: Helm chart | B3: kube-prometheus-stack-88.6.3
A4: namespace | B4: monitoring
A5: リソース作成日時(UTC) | B5: 2026-09-03T02:22:51Z
A6: PrometheusRule 数 | B6: 35 件 / ルールグループ 35 個
A7: アラートルール数 | B7: 155 件(本一覧の対象)
A8: 記録ルール数 | B8: 94 件(record: ルール。アラートではないため本一覧の対象外)
A9: 生成スクリプト | B9: tools/build_alert_sheet.py(日本語訳はスクリプト内の辞書で管理)
A11: 2. 重要度(severity)の目安
A12: critical | B12: サービス影響が出ている、または差し迫っている。即時対応が必要。
A13: warning | B13: 放置するとサービス影響につながる可能性がある。営業時間内に確認・対応。
A14: info | B14: 情報通知。単独では対応不要だが、他アラートと併発した際の調査材料。標準構成では InfoInhibitor により warning/critical 併発時は抑止される。
A15: none | B15: 通知用ではない制御用アラート(Watchdog: 死活確認、InfoInhibitor: 抑止制御)。Alertmanager では null receiver に送るのが標準。
A17: 3. 列の読み方
A18: 発報条件・閾値 | B18: PromQL(expr)を日本語で要約したもの。正確な条件は PromQL 列を正とする。
A19: 継続時間 (for) | B19: 「発報条件・閾値」の状態が for に指定した時間継続した時点で firing(発報)となる。for が未設定または 0s の場合は条件成立と同時に発報する(pending 状態を経ない)。
A20: 追加ラベル | B20: severity 以外にルールが付与するラベル。KubeAPIErrorBudgetBurn の long/short(評価ウィンドウ)など、同名アラートの区別に使う。
A21: 同名アラート | B21: 同じアラート名が複数行ある場合は、閾値の異なる段階アラート(例: warning=5% 未満 / critical=3% 未満)。1 定義 = 1 行として全件を掲載している。
A22: Summary / Description(原文) | B22: ルール定義の annotations をそのまま転記。{{ $labels.xxx }} / {{ $value }} は発報時に実値へ置換されるテンプレート。
A24: 4. 通知経路に関する注記(Alertmanager)
A25: 基本の流れ | B25: Prometheus が firing と判定したアラートはすべて Alertmanager に送信される。実際にメール等で通知されるかは Alertmanager 側の設定(route / receivers / inhibit_rules)で決まる。
A26: route と receiver | B26: Alertmanager の route ツリーで、アラートのラベル(severity、namespace、alertname 等)にマッチした receiver に配送される。その receiver に email_configs が設定されていれば、その宛先にメールが送られる。マッチしなければ既定 receiver に落ちる。kube-prometheus-stack の初期値では既定 receiver が 'null'(どこにも通知しない)。
A27: 通知されないアラート | B27: Watchdog(severity=none)は null receiver へ送る route が初期値で入っている。InfoInhibitor も null receiver に送る前提の設計。この 2 件は「一覧にはあるがメールは来ない」ことが正常。
A28: 抑止(inhibit) | B28: 初期値の inhibit_rules により、同一対象で critical が firing 中は warning/info を、warning が firing 中は info を抑止する。また InfoInhibitor 発報中は同 namespace の info を抑止する。抑止されたアラートは通知されない。
A29: グループ化 | B29: group_by / group_wait / group_interval / repeat_interval により複数アラートが 1 通のメールにまとめられる。一覧の 1 行が必ず 1 通のメールに対応するわけではない。
A30: 実設定の確認方法 | B30: kubectl -n monitoring get secret alertmanager-monitoring-kube-prometheus-alertmanager-generated -o jsonpath='{.data.alertmanager\.yaml\.gz}' | base64 -d | gunzip または Helm values の alertmanager.config / AlertmanagerConfig CR を参照。
